,Time,Open,High,Low,Close,Volume,Date
0,1483315200,2240.0,2284.8,2230.11,2252.4,676060,2017-01-02
1,1483401600,2255.5,2264.99,2232.16,2250.07,352730,2017-01-03
2,1483488000,2259.0,2261.57,2208.89,2219.65,288600,2017-01-04
3,1483574400,2231.54,2249.49,2221.81,2232.44,740730,2017-01-05
4,1483660800,2242.44,2285.14,2235.01,2271.77,497160,2017-01-06
5,1483920000,2289.9,2316.67,2285.0,2299.99,443740,2017-01-09
6,1484006400,2305.31,2321.77,2269.0,2300.5,332290,2017-01-10
7,1484092800,2305.55,2332.0,2293.5,2316.14,398250,2017-01-11
8,1484179200,2327.62,2334.18,2278.5,2282.65,380260,2017-01-12
9,1484265600,2300.0,2300.0,2267.92,2279.35,218480,2017-01-13
10,1484524800,2270.1,2270.13,2231.0,2234.33,385490,2017-01-16
11,1484611200,2232.5,2253.0,2217.51,2235.02,438100,2017-01-17
12,1484697600,2240.0,2270.1,2234.5,2244.99,356790,2017-01-18
13,1484784000,2245.0,2307.99,2218.56,2282.21,469260,2017-01-19
14,1484870400,2292.21,2307.0,2260.01,2278.92,262290,2017-01-20
15,1485129600,2270.5,2291.5,2255.0,2273.69,215190,2017-01-23
16,1485216000,2280.0,2304.95,2270.02,2300.07,276870,2017-01-24
17,1485302400,2304.0,2316.5,2288.58,2299.09,393410,2017-01-25
18,1485475200,2319.53,2365.06,2312.56,2348.27,755910,2017-01-27
19,1485734400,2359.0,2371.06,2310.05,2323.44,375140,2017-01-30
20,1485820800,2332.73,2339.6,2240.53,2302.84,569100,2017-01-31
21,1485907200,2319.8,2418.8,2305.0,2402.97,1000720,2017-02-01
22,1485993600,2445.0,2445.0,2362.5,2377.92,718540,2017-02-02
23,1486080000,2382.5,2382.5,2331.3,2338.59,305680,2017-02-03
24,1486339200,2342.73,2394.0,2342.73,2381.54,250030,2017-02-06
25,1486425600,2380.0,2386.0,2350.29,2378.39,210570,2017-02-07
26,1486512000,2377.9,2402.58,2360.63,2395.94,266500,2017-02-08
27,1486598400,2395.94,2410.0,2350.0,2389.32,277970,2017-02-09
28,1486684800,2392.5,2406.98,2376.56,2401.31,192800,2017-02-10
29,1486944000,2411.0,2494.8,2410.23,2485.89,565240,2017-02-13
30,1487030400,2495.2,2548.88,2464.9,2531.54,597730,2017-02-14
31,1487116800,2528.0,2555.0,2452.0,2475.04,578650,2017-02-15
32,1487203200,2467.5,2548.0,2466.66,2533.13,466880,2017-02-16
33,1487289600,2537.0,2549.99,2472.02,2504.03,428890,2017-02-17
34,1487548800,2522.05,2529.5,2480.01,2513.91,208840,2017-02-20
35,1487635200,2516.01,2538.0,2504.7,2525.35,216010,2017-02-21
36,1487721600,2521.1,2521.26,2492.63,2507.03,491010,2017-02-22
37,1487808000,2507.95,2530.0,2468.68,2487.77,846550,2017-02-23
38,1488153600,2495.0,2504.65,2427.5,2433.73,446110,2017-02-27
39,1488240000,2443.7,2443.7,2402.41,2413.01,792400,2017-02-28
40,1488326400,2430.0,2439.0,2360.01,2370.97,713150,2017-03-01
41,1488412800,2375.0,2399.24,2333.3,2344.9,431420,2017-03-02
42,1488499200,2325.0,2337.99,2299.75,2308.93,379400,2017-03-03
43,1488758400,2315.06,2360.0,2300.0,2306.15,656300,2017-03-06
44,1488844800,2319.9,2329.9,2310.0,2321.11,314880,2017-03-07
45,1488931200,2324.99,2355.5,2311.36,2344.83,266790,2017-03-08
46,1489017600,2339.99,2359.82,2331.53,2339.69,282200,2017-03-09
47,1489104000,2356.0,2356.0,2320.1,2335.66,329800,2017-03-10
48,1489449600,2420.0,2421.49,2356.56,2400.12,412850,2017-03-14
49,1489536000,2399.0,2431.62,2390.31,2413.34,303300,2017-03-15
50,1489622400,2425.0,2458.23,2419.81,2451.48,302620,2017-03-16
51,1489708800,2454.95,2478.79,2429.29,2469.14,492770,2017-03-17
52,1489968000,2469.24,2519.2,2460.21,2509.93,396670,2017-03-20
53,1490054400,2515.0,2516.79,2473.0,2496.19,361030,2017-03-21
54,1490140800,2487.6,2488.0,2442.98,2454.1,429790,2017-03-22
55,1490227200,2464.1,2464.1,2407.0,2437.35,285820,2017-03-23
56,1490313600,2439.81,2464.99,2422.0,2435.02,140400,2017-03-24
57,1490572800,2441.5,2441.5,2402.0,2416.36,257770,2017-03-27
58,1490659200,2429.0,2515.0,2426.5,2489.77,391840,2017-03-28
59,1490745600,2500.1,2538.6,2446.01,2505.61,787230,2017-03-29
60,1490832000,2499.9,2579.99,2488.2,2565.85,841950,2017-03-30
61,1490918400,2570.0,2581.49,2510.76,2558.75,561690,2017-03-31
62,1491177600,2575.0,2575.0,2532.72,2554.36,363260,2017-04-03
63,1491350400,2556.4,2581.09,2542.25,2576.52,397580,2017-04-05
64,1491436800,2557.0,2575.0,2536.52,2559.63,292420,2017-04-06
65,1491523200,2555.99,2599.0,2545.13,2580.69,373480,2017-04-07
66,1491782400,2580.0,2580.0,2552.6,2557.82,261280,2017-04-10
67,1491868800,2557.0,2597.6,2544.36,2588.04,280880,2017-04-11
68,1491955200,2612.0,2650.0,2602.05,2642.25,717640,2017-04-12
69,1492041600,2639.99,2642.5,2604.96,2608.56,206380,2017-04-13
70,1492387200,2612.0,2636.0,2607.5,2612.54,166820,2017-04-17
71,1492473600,2602.6,2629.0,2545.0,2553.26,362790,2017-04-18
72,1492560000,2553.5,2572.2,2534.29,2545.76,219190,2017-04-19
73,1492646400,2545.0,2561.46,2532.11,2550.18,189940,2017-04-20
74,1492732800,2557.0,2581.75,2552.57,2561.06,236560,2017-04-21
75,1492992000,2568.7,2620.0,2546.69,2609.31,261130,2017-04-24
76,1493078400,2626.01,2626.01,2566.9,2608.23,353410,2017-04-25
77,1493164800,2599.0,2630.0,2587.0,2604.11,254520,2017-04-26
78,1493251200,2594.11,2628.1,2590.0,2597.39,277790,2017-04-27
79,1493337600,2600.02,2624.94,2597.0,2606.8,154720,2017-04-28
80,1493683200,2631.1,2674.79,2533.68,2579.08,637930,2017-05-02
81,1493769600,2589.0,2605.77,2566.09,2591.49,177170,2017-05-03
82,1493856000,2599.89,2609.9,2555.5,2576.43,276090,2017-05-04
83,1493942400,2598.8,2615.0,2556.13,2583.34,422100,2017-05-05
84,1494201600,2655.02,2696.49,2617.0,2691.94,1065060,2017-05-08
85,1494288000,2698.5,2715.1,2679.0,2712.85,470110,2017-05-09
86,1494374400,2712.0,2798.9,2691.23,2786.93,692260,2017-05-10
87,1494460800,2790.0,3005.1,2790.0,2946.91,1635450,2017-05-11
88,1494547200,2957.0,2978.0,2881.48,2917.83,513380,2017-05-12
89,1494806400,2940.31,2945.5,2883.1,2893.06,200260,2017-05-15
90,1494892800,2892.04,2945.0,2882.0,2936.25,361890,2017-05-16
91,1494979200,2926.2,2930.0,2897.13,2909.36,185450,2017-05-17
92,1495065600,2890.0,2899.88,2821.3,2835.73,301530,2017-05-18
93,1495152000,2869.8,2869.8,2775.6,2793.61,442510,2017-05-19
94,1495411200,2793.61,2827.99,2702.15,2718.99,489520,2017-05-22
95,1495497600,2719.9,2790.0,2712.06,2759.82,680400,2017-05-23
96,1495584000,2760.0,2775.71,2720.0,2736.47,346800,2017-05-24
97,1495670400,2743.0,2812.0,2732.11,2800.94,423650,2017-05-25
98,1495756800,2791.5,2863.35,2791.5,2835.13,302510,2017-05-26
99,1496016000,2835.07,2849.5,2802.8,2817.21,217650,2017-05-29
100,1496102400,2823.5,2845.93,2781.21,2832.34,237300,2017-05-30
101,1496188800,2840.0,2854.9,2822.77,2843.5,428750,2017-05-31
102,1496275200,2858.0,2901.94,2850.0,2879.34,474760,2017-06-01
103,1496361600,2897.0,2930.0,2890.0,2918.01,299540,2017-06-02
104,1496620800,2915.12,2938.5,2915.12,2932.55,168290,2017-06-05
105,1496707200,2930.5,2938.87,2900.0,2919.12,169780,2017-06-06
106,1496793600,2919.59,2977.58,2919.59,2971.32,465870,2017-06-07
107,1496880000,2971.4,3005.1,2943.6,2969.11,308510,2017-06-08
108,1496966400,2974.0,2985.47,2937.11,2976.48,216230,2017-06-09
109,1497225600,2960.2,2971.77,2927.26,2935.34,179460,2017-06-12
110,1497312000,2939.9,2964.66,2900.0,2912.12,264820,2017-06-13
111,1497398400,2917.9,2921.69,2892.12,2904.95,182570,2017-06-14
112,1497484800,2900.0,2904.95,2850.5,2877.2,269500,2017-06-15
113,1497571200,2885.0,2888.48,2857.83,2874.69,426980,2017-06-16
114,1497830400,2886.4,2886.4,2840.0,2844.52,236690,2017-06-19
115,1497916800,2862.48,2872.8,2786.0,2791.74,809740,2017-06-20
116,1498003200,2799.0,2799.0,2730.0,2753.32,700620,2017-06-21
117,1498089600,2763.0,2799.39,2751.1,2768.08,1033640,2017-06-22
118,1498176000,2775.5,2781.75,2705.01,2716.67,272600,2017-06-23
119,1498521600,2727.99,2735.0,2655.5,2666.11,328010,2017-06-27
120,1498608000,2669.99,2731.0,2640.0,2722.48,432310,2017-06-28
121,1498694400,2744.94,2763.3,2700.0,2734.01,1515530,2017-06-29
122,1498780800,2710.0,2729.49,2694.21,2703.94,255510,2017-06-30
123,1499040000,2729.9,2781.22,2711.9,2776.68,573820,2017-07-03
124,1499126400,2776.6,2797.7,2746.06,2785.09,464820,2017-07-04
125,1499212800,2775.0,2812.4,2775.0,2806.71,659910,2017-07-05
126,1499299200,2815.0,2818.0,2758.1,2768.91,338710,2017-07-06
127,1499385600,2780.0,2814.97,2755.0,2785.22,247320,2017-07-07
128,1499644800,2811.38,2820.0,2769.5,2793.13,41360,2017-07-10
129,1499731200,2799.99,2825.0,2788.01,2813.09,329090,2017-07-11
130,1499817600,2820.0,2832.84,2795.81,2825.85,341120,2017-07-12
131,1499904000,2835.85,2839.99,2800.85,2805.59,326870,2017-07-13
132,1499990400,2805.5,2814.0,2764.0,2790.72,323410,2017-07-14
133,1500249600,2791.0,2823.39,2790.99,2805.96,525700,2017-07-17
134,1500336000,2815.0,2869.0,2801.19,2859.85,438050,2017-07-18
135,1500422400,2877.7,2929.0,2870.0,2921.5,391910,2017-07-19
136,1500508800,2928.9,2933.63,2890.43,2925.27,305320,2017-07-20
137,1500595200,2925.2,2939.25,2875.27,2890.32,218450,2017-07-21
138,1500854400,2885.0,2909.0,2872.68,2884.38,140000,2017-07-24
139,1500940800,2898.0,2898.0,2818.3,2840.74,431310,2017-07-25
140,1501027200,2842.73,2910.0,2840.81,2900.24,438470,2017-07-26
141,1501113600,2899.0,3016.25,2856.98,2910.22,1117140,2017-07-27
142,1501200000,2875.0,2949.8,2869.98,2938.84,314600,2017-07-28
143,1501459200,2936.39,3020.0,2905.0,3008.12,568380,2017-07-31
144,1501545600,3022.33,3160.0,3021.3,3150.48,1282190,2017-08-01
145,1501632000,3175.0,3180.48,3105.1,3115.38,423810,2017-08-02
146,1501718400,3112.4,3139.99,3062.76,3072.61,344120,2017-08-03
147,1501804800,3066.5,3192.5,3050.0,3163.72,475230,2017-08-04
148,1502064000,3170.0,3219.1,3165.13,3196.98,359100,2017-08-07
149,1502150400,3201.89,3244.93,3147.16,3212.08,478780,2017-08-08
150,1502236800,3223.0,3237.44,3133.36,3148.91,638950,2017-08-09
151,1502323200,3150.0,3179.99,2983.0,3011.17,770240,2017-08-10
152,1502409600,2951.57,3010.0,2913.54,2962.73,589910,2017-08-11
153,1502668800,2976.52,3092.4,2976.52,3038.56,454920,2017-08-14
154,1502841600,3070.0,3070.99,3010.0,3061.7,391640,2017-08-16
155,1502928000,3077.5,3109.32,3061.7,3092.8,347620,2017-08-17
156,1503014400,3091.7,3159.88,3051.16,3151.14,390890,2017-08-18
157,1503273600,3155.0,3207.79,3150.0,3163.42,442130,2017-08-21
158,1503360000,3169.0,3189.4,3090.57,3097.72,318720,2017-08-22
159,1503446400,3118.55,3122.98,3021.16,3064.82,376370,2017-08-23
160,1503532800,3077.0,3098.95,3050.0,3075.09,211260,2017-08-24
161,1503878400,3100.0,3190.0,3090.01,3128.83,472790,2017-08-28
162,1503964800,3128.0,3132.87,3071.1,3085.92,304980,2017-08-29
163,1504051200,3109.87,3136.74,3091.1,3098.4,273110,2017-08-30
164,1504137600,3100.0,3154.5,3062.0,3145.08,454320,2017-08-31
165,1504224000,3152.88,3197.0,3129.89,3177.24,446150,2017-09-01
166,1504483200,3194.6,3194.6,3144.81,3175.36,313840,2017-09-04
167,1504569600,3175.0,3200.0,3160.0,3193.53,295470,2017-09-05
168,1504656000,3174.74,3212.12,3163.53,3208.26,249010,2017-09-06
169,1504742400,3250.0,3332.88,3230.1,3286.19,806950,2017-09-07
170,1504828800,3339.99,3348.0,3246.81,3261.78,549310,2017-09-08
171,1505088000,3250.0,3275.0,3240.0,3249.86,341640,2017-09-11
172,1505174400,3269.8,3269.89,3230.01,3266.18,281890,2017-09-12
173,1505260800,3259.9,3260.42,3208.22,3222.64,249440,2017-09-13
174,1505347200,3230.12,3234.0,3183.67,3206.52,280080,2017-09-14
175,1505433600,3196.52,3209.94,3165.0,3200.79,394870,2017-09-15
176,1505692800,3216.0,3279.92,3213.68,3276.61,319690,2017-09-18
177,1505779200,3280.0,3291.69,3229.0,3240.39,222790,2017-09-19
178,1505865600,3245.15,3264.49,3230.0,3244.35,179870,2017-09-20
179,1505952000,3248.0,3254.9,3169.83,3182.43,297920,2017-09-21
180,1506038400,3177.9,3177.9,3128.0,3157.96,360420,2017-09-22
181,1506297600,3150.0,3165.12,3057.76,3097.98,388190,2017-09-25
182,1506384000,3090.0,3106.02,3050.01,3082.72,545410,2017-09-26
183,1506470400,3096.78,3105.0,3033.8,3047.02,248950,2017-09-27
184,1506556800,3057.0,3059.42,2991.01,3018.52,779270,2017-09-28
185,1506643200,3038.5,3128.9,3020.44,3121.33,397520,2017-09-29
186,1506988800,3179.9,3196.79,3093.99,3114.73,465150,2017-10-03
187,1507075200,3114.9,3128.07,3080.53,3088.46,207680,2017-10-04
188,1507161600,3091.0,3120.0,3071.23,3078.87,191930,2017-10-05
189,1507248000,3098.8,3162.5,3085.02,3154.12,291400,2017-10-06
190,1507507200,3170.3,3199.0,3130.11,3187.42,273150,2017-10-09
191,1507593600,3190.0,3207.22,3145.23,3154.52,321830,2017-10-10
192,1507680000,3163.72,3174.86,3096.01,3124.32,277740,2017-10-11
193,1507766400,3130.05,3151.19,3102.08,3133.59,251190,2017-10-12
194,1507852800,3158.97,3158.97,3121.1,3139.92,221600,2017-10-13
195,1508112000,3152.69,3195.0,3150.11,3173.99,249080,2017-10-16
196,1508198400,3169.99,3191.0,3133.17,3186.35,276080,2017-10-17
197,1508284800,3183.0,3183.0,3135.0,3152.13,310130,2017-10-18
198,1508371200,3151.9,3169.89,3140.0,3148.91,35890,2017-10-19
199,1508716800,3140.2,3165.35,3090.0,3117.08,266370,2017-10-23
200,1508803200,3120.0,3161.09,3110.38,3148.33,171660,2017-10-24
201,1508889600,3148.0,3184.64,3143.63,3171.64,211990,2017-10-25
202,1508976000,3169.0,3182.88,3130.5,3161.76,419940,2017-10-26
203,1509062400,3171.0,3189.99,3157.0,3181.18,140260,2017-10-27
204,1509321600,3185.0,3250.0,3185.0,3237.11,220420,2017-10-30
205,1509408000,3248.9,3276.66,3220.0,3223.34,297420,2017-10-31
206,1509494400,3249.9,3253.92,3086.1,3092.98,911230,2017-11-01
207,1509580800,3100.0,3139.23,3100.0,3114.04,280410,2017-11-02
208,1509667200,3145.0,3145.0,3072.3,3123.51,267400,2017-11-03
209,1509926400,3123.51,3144.32,3090.0,3108.83,256310,2017-11-06
210,1510012800,3130.0,3130.0,3095.51,3115.98,383640,2017-11-07
211,1510099200,3115.9,3129.99,3100.08,3119.53,146090,2017-11-08
212,1510185600,3123.88,3123.88,3060.0,3085.33,205050,2017-11-09
213,1510272000,3090.0,3093.49,3037.02,3055.17,349830,2017-11-10
214,1510531200,3056.0,3104.25,3047.85,3058.41,234260,2017-11-13
215,1510617600,3074.0,3092.3,2961.2,3008.96,704760,2017-11-14
216,1510704000,3000.02,3068.59,3000.0,3048.33,383980,2017-11-15
217,1510790400,3065.0,3072.69,3035.51,3039.91,253040,2017-11-16
218,1510876800,3060.07,3083.99,3050.02,3070.74,269930,2017-11-17
219,1511136000,3075.4,3075.4,3047.49,3063.97,161620,2017-11-20
220,1511222400,3070.0,3079.48,3020.16,3042.06,258810,2017-11-21
221,1511308800,3058.0,3059.29,3013.5,3017.82,152660,2017-11-22
222,1511395200,3020.0,3068.5,3017.5,3061.99,341910,2017-11-23
223,1511481600,3062.0,3100.32,3060.11,3081.23,265280,2017-11-24
224,1511740800,3081.23,3109.9,3069.43,3075.57,335950,2017-11-27
225,1511827200,3080.0,3085.0,3040.07,3053.66,192880,2017-11-28
226,1511913600,3069.0,3080.0,3010.18,3022.02,377330,2017-11-29
227,1512000000,3022.0,3024.97,2988.04,2994.41,405630,2017-11-30
0,1512086400,3028.8,3034.4,2915.9,2928.09,495010,2017-12-01
1,1512345600,2955.35,2975.79,2920.87,2940.37,380530,2017-12-04
2,1512432000,2930.16,2939.89,2850.0,2892.88,761130,2017-12-05
3,1512518400,2863.0,2887.0,2811.1,2815.78,488200,2017-12-06
4,1512604800,2839.7,2898.7,2815.9,2881.05,750650,2017-12-07
5,1512691200,2860.0,2923.78,2860.0,2899.99,457670,2017-12-08
6,1512950400,2932.34,2966.98,2910.01,2924.79,478110,2017-12-11
7,1513036800,2927.4,2927.4,2855.57,2859.87,387470,2017-12-12
8,1513123200,2859.9,2907.61,2829.8,2872.12,437940,2017-12-13
9,1513209600,2885.0,2888.89,2845.11,2873.87,232630,2017-12-14
10,1513296000,2900.0,2956.44,2890.97,2947.87,475120,2017-12-15
11,1513555200,2932.05,2999.9,2884.78,2990.94,376610,2017-12-18
12,1513641600,2999.0,3095.0,2998.64,3082.33,533600,2017-12-19
13,1513728000,3085.0,3099.9,2993.39,3017.46,584440,2017-12-20
14,1513814400,3024.8,3045.74,3017.5,3024.85,182310,2017-12-21
15,1513900800,3045.0,3072.01,3003.71,3025.08,240850,2017-12-22
16,1514246400,3044.0,3045.0,2995.0,3025.12,206110,2017-12-26
17,1514332800,3028.0,3032.0,3010.0,3019.07,123940,2017-12-27
18,1514419200,3030.0,3030.0,2968.6,2983.24,298510,2017-12-28
19,1514505600,2990.0,3046.64,2989.99,3034.08,218040,2017-12-29
0,1514764800,3039.99,3042.0,2985.0,2989.32,198470,2018-01-01
1,1514851200,2992.5,2995.5,2853.97,2867.02,847930,2018-01-02
2,1514937600,2885.0,2904.5,2854.22,2881.43,470880,2018-01-03
3,1515024000,2882.57,2895.76,2841.5,2857.08,494210,2018-01-04
4,1515110400,2879.7,2932.5,2868.62,2923.7,527770,2018-01-05
5,1515369600,2940.0,2940.0,2904.01,2919.74,329240,2018-01-08
6,1515456000,2920.1,2924.17,2851.07,2859.69,827180,2018-01-09
7,1515542400,2862.0,2869.99,2800.0,2809.75,842020,2018-01-10
8,1515628800,2810.0,2852.5,2782.05,2844.47,600910,2018-01-11
9,1515715200,2852.0,2878.0,2821.1,2864.98,596570,2018-01-12
10,1515974400,2875.0,2875.0,2790.0,2798.15,575940,2018-01-15
11,1516060800,2801.0,2815.0,2770.1,2789.12,465370,2018-01-16
12,1516147200,2780.0,2830.1,2768.01,2822.28,475950,2018-01-17
13,1516233600,2822.88,2847.9,2781.11,2795.44,493990,2018-01-18
14,1516320000,2788.0,2818.83,2775.1,2800.94,324590,2018-01-19
15,1516579200,2800.94,2809.78,2759.0,2764.98,344660,2018-01-22
16,1516665600,2770.0,2782.94,2702.0,2707.12,1173990,2018-01-23
17,1516752000,2700.6,2705.0,2630.22,2640.41,940580,2018-01-24
18,1516838400,2650.0,2673.0,2620.81,2651.94,1754720,2018-01-25
19,1517184000,2673.0,2784.9,2656.61,2745.37,1274230,2018-01-29
20,1517270400,2745.0,2745.3,2655.9,2668.94,1416630,2018-01-30
21,1517356800,2682.73,2738.7,2652.52,2692.36,1377660,2018-01-31
22,1517443200,2698.4,2830.0,2671.45,2804.73,1255640,2018-02-01
23,1517529600,2790.1,2852.15,2720.0,2781.18,1498590,2018-02-02
24,1517788800,2730.0,2779.9,2730.0,2753.79,486830,2018-02-05
25,1517875200,2654.56,2805.0,2650.0,2757.92,614080,2018-02-06
26,1517961600,2791.97,2841.09,2712.01,2801.04,1388510,2018-02-07
27,1518048000,2823.0,2835.0,2781.0,2819.8,685330,2018-02-08
28,1518134400,2760.5,2795.0,2756.0,2774.79,335150,2018-02-09
29,1518393600,2775.1,2800.0,2770.65,2790.14,175940,2018-02-12
30,1518566400,2782.0,2821.74,2775.26,2802.76,379990,2018-02-14
31,1518652800,2820.0,2839.9,2810.0,2834.04,302320,2018-02-15
32,1518739200,2840.0,2842.49,2715.1,2732.82,493090,2018-02-16
33,1518998400,2748.5,2755.88,2669.57,2708.95,332660,2018-02-19
34,1519084800,2712.0,2739.99,2680.1,2691.64,210980,2018-02-20
35,1519171200,2712.4,2748.0,2704.36,2736.58,366820,2018-02-21
36,1519257600,2735.0,2735.0,2670.0,2686.85,617210,2018-02-22
37,1519344000,2710.0,2714.64,2650.0,2672.44,868030,2018-02-23
38,1519603200,2699.0,2728.52,2671.0,2718.59,450250,2018-02-26
39,1519689600,2720.1,2734.68,2700.68,2715.47,506840,2018-02-27
40,1519776000,2703.0,2759.9,2651.1,2743.78,627240,2018-02-28
41,1519862400,2731.14,2800.1,2728.23,2774.23,914230,2018-03-01
42,1520208000,2772.5,2779.99,2744.01,2754.83,510190,2018-03-05
43,1520294400,2771.0,2778.42,2725.12,2748.84,427350,2018-03-06
44,1520380800,2747.0,2765.5,2730.56,2752.82,274720,2018-03-07
45,1520467200,2758.0,2784.9,2742.56,2771.18,298230,2018-03-08
46,1520553600,2775.0,2806.5,2766.04,2796.38,286790,2018-03-09
47,1520812800,2806.5,2838.0,2806.5,2831.69,230320,2018-03-12
48,1520899200,2805.2,2892.0,2805.2,2884.93,412710,2018-03-13
49,1520985600,2889.4,2905.99,2876.0,2884.67,464660,2018-03-14
50,1521072000,2885.0,2893.32,2863.0,2869.56,252620,2018-03-15
51,1521158400,2865.0,2883.84,2788.82,2807.92,534360,2018-03-16
52,1521417600,2812.0,2827.47,2730.11,2740.31,195130,2018-03-19
53,1521504000,2738.0,2842.4,2735.02,2836.04,470700,2018-03-20
54,1521590400,2838.0,2848.9,2783.0,2798.08,341710,2018-03-21
55,1521676800,2797.42,2848.8,2792.53,2803.05,261320,2018-03-22
56,1521763200,2757.0,2801.53,2733.93,2789.61,441270,2018-03-23
57,1522022400,2780.29,2800.1,2760.82,2787.31,262750,2018-03-26
58,1522108800,2815.9,2856.0,2801.39,2842.41,356170,2018-03-27
59,1522195200,2824.8,2865.14,2799.9,2837.27,785360,2018-03-28
60,1522627200,2851.0,2880.37,2818.91,2828.88,311000,2018-04-02
61,1522713600,2823.57,2823.57,2780.0,2799.0,309720,2018-04-03
62,1522800000,2849.8,2925.0,2840.07,2893.42,860680,2018-04-04
63,1522886400,2920.0,2974.9,2910.01,2967.78,510750,2018-04-05
64,1522972800,2974.8,2989.99,2956.8,2979.92,463320,2018-04-06
65,1523232000,2990.0,2998.62,2970.0,2980.58,246410,2018-04-09
66,1523318400,2981.1,3017.0,2965.0,2997.21,465160,2018-04-10
67,1523404800,2999.99,3084.0,2992.5,3068.51,694830,2018-04-11
68,1523491200,3054.58,3090.0,3053.0,3068.16,584100,2018-04-12
69,1523577600,3068.1,3150.0,3060.0,3135.3,452320,2018-04-13
70,1523836800,3140.0,3140.0,3100.0,3129.92,350060,2018-04-16
71,1523923200,3130.0,3146.82,3090.0,3102.76,272920,2018-04-17
72,1524009600,3105.01,3133.72,3080.0,3087.39,222400,2018-04-18
73,1524096000,3118.0,3118.9,3058.0,3092.02,268080,2018-04-19
74,1524182400,3085.0,3122.0,3067.76,3114.87,175600,2018-04-20
75,1524441600,3139.99,3139.99,3100.0,3106.52,256980,2018-04-23
76,1524528000,3115.0,3150.0,3095.07,3113.68,302840,2018-04-24
77,1524614400,3115.0,3120.0,3060.72,3074.69,193600,2018-04-25
78,1524700800,3075.0,3131.6,3075.0,3120.52,223920,2018-04-26
79,1524787200,3134.0,3223.67,3123.64,3159.93,444460,2018-04-27
80,1525046400,3170.0,3188.48,3104.44,3118.86,256470,2018-04-30
81,1525219200,3134.9,3145.38,3029.0,3052.22,592920,2018-05-02
82,1525305600,3072.5,3072.5,2960.2,2987.84,317930,2018-05-03
83,1525392000,2980.0,3010.0,2915.0,2920.84,247580,2018-05-04
84,1525651200,2944.99,2985.0,2910.01,2976.68,292550,2018-05-07
85,1525737600,2980.0,3050.0,2980.0,3042.71,385600,2018-05-08
86,1525824000,3049.9,3074.02,3015.0,3031.57,382510,2018-05-09
87,1525910400,3080.0,3120.74,3007.51,3064.75,701120,2018-05-10
88,1525996800,3075.0,3115.0,3062.5,3087.3,339570,2018-05-11
89,1526256000,3089.07,3095.0,3037.66,3049.52,229720,2018-05-14
90,1526342400,3049.52,3100.0,3019.02,3077.28,446290,2018-05-15
91,1526428800,3050.01,3097.04,3033.5,3056.57,309740,2018-05-16
92,1526515200,3056.68,3092.5,3037.79,3049.59,267980,2018-05-17
93,1526601600,3060.0,3074.0,2979.17,3008.62,309090,2018-05-18
94,1526860800,2990.08,3019.98,2931.61,2943.29,299030,2018-05-21
95,1526947200,2949.0,2996.99,2949.0,2992.96,234060,2018-05-22
96,1527033600,2985.32,2985.32,2930.0,2939.21,435040,2018-05-23
97,1527120000,2945.0,2970.02,2928.9,2951.54,194780,2018-05-24
98,1527206400,2952.26,3033.33,2952.26,3020.34,319310,2018-05-25
99,1527465600,3011.0,3075.0,3001.79,3068.28,259690,2018-05-28
100,1527552000,3068.1,3075.0,3034.02,3051.07,202310,2018-05-29
101,1527638400,3033.87,3043.0,3000.0,3013.63,269970,2018-05-30
102,1527724800,3024.9,3149.9,3017.68,3078.07,915480,2018-05-31
103,1527811200,3065.0,3065.0,2932.0,2986.88,688830,2018-06-01
104,1528070400,2995.02,3027.38,2931.5,2937.77,346680,2018-06-04
105,1528156800,2960.66,2960.66,2905.86,2923.63,241330,2018-06-05
106,1528243200,2940.0,3006.2,2921.01,2994.92,221440,2018-06-06
107,1528329600,3010.83,3026.7,2958.38,2971.24,239620,2018-06-07
108,1528416000,2964.0,2964.0,2930.0,2951.3,176900,2018-06-08
109,1528675200,2966.06,2978.0,2950.0,2967.7,159110,2018-06-11
110,1528761600,2960.33,2997.89,2915.0,2920.84,407860,2018-06-12
111,1528848000,2938.0,2955.6,2925.0,2944.86,269270,2018-06-13
112,1528934400,2956.0,2957.5,2915.5,2953.67,320230,2018-06-14
113,1529020800,2955.2,2964.8,2929.05,2957.38,539840,2018-06-15
114,1529280000,2959.0,3026.5,2942.1,3013.53,389680,2018-06-18
115,1529366400,3013.53,3015.0,2968.46,2994.97,227870,2018-06-19
116,1529452800,2997.0,3019.0,2967.32,2980.53,250430,2018-06-20
117,1529539200,2988.0,3005.83,2935.58,2942.49,235940,2018-06-21
118,1529625600,2944.9,2947.23,2890.69,2914.07,490230,2018-06-22
119,1529884800,2914.07,2972.13,2914.07,2944.0,266160,2018-06-25
120,1529971200,2944.15,2955.74,2890.02,2903.54,507450,2018-06-26
121,1530057600,2909.9,2917.78,2825.31,2837.18,345850,2018-06-27
122,1530144000,2824.0,2855.0,2775.16,2842.56,766890,2018-06-28
123,1530230400,2869.96,2878.88,2840.0,2859.04,815170,2018-06-29
124,1530489600,2865.5,2878.1,2786.52,2818.77,419650,2018-07-02
125,1530576000,2837.5,2837.5,2800.5,2807.9,504760,2018-07-03
126,1530662400,2819.9,2839.0,2808.5,2823.8,378770,2018-07-04
127,1530748800,2833.8,2833.81,2784.92,2788.8,366200,2018-07-05
128,1530835200,2789.61,2814.0,2747.53,2762.63,599240,2018-07-06
129,1531094400,2787.99,2790.0,2755.0,2763.25,288720,2018-07-09
130,1531180800,2784.0,2839.22,2764.76,2828.9,981850,2018-07-10
131,1531267200,2827.88,2861.0,2807.2,2816.05,426020,2018-07-11
132,1531353600,2845.0,2845.0,2792.0,2799.53,269670,2018-07-12
133,1531440000,2817.4,2817.4,2748.02,2752.92,507800,2018-07-13
134,1531699200,2760.0,2774.5,2705.0,2742.43,193280,2018-07-16
135,1531785600,2740.7,2747.92,2698.17,2715.37,835930,2018-07-17
136,1531872000,2725.1,2770.0,2716.5,2722.26,596180,2018-07-18
137,1531958400,2734.0,2738.68,2679.95,2698.07,450820,2018-07-19
138,1532044800,2698.07,2714.99,2676.11,2704.81,295350,2018-07-20
139,1532304000,2709.97,2734.8,2687.0,2702.34,324740,2018-07-23
140,1532390400,2680.5,2780.0,2680.5,2769.78,860040,2018-07-24
141,1532476800,2771.0,2790.0,2710.5,2728.83,578560,2018-07-25
142,1532563200,2750.0,2855.0,2734.8,2826.56,1331650,2018-07-26
143,1532649600,2844.9,2900.0,2830.1,2894.62,579170,2018-07-27
144,1532908800,2912.49,2912.49,2848.7,2859.47,222190,2018-07-30
145,1532995200,2865.0,2865.0,2773.3,2779.85,676180,2018-07-31
146,1533081600,2784.6,2784.6,2713.45,2729.87,550960,2018-08-01
147,1533168000,2667.0,2728.34,2660.1,2696.08,958940,2018-08-02
148,1533254400,2719.89,2725.9,2688.6,2699.57,533280,2018-08-03
149,1533513600,2691.12,2730.0,2691.12,2703.75,206860,2018-08-06
150,1533600000,2724.94,2760.0,2700.0,2752.35,426990,2018-08-07
151,1533686400,2769.7,2769.7,2737.0,2759.31,289800,2018-08-08
152,1533772800,2780.0,2780.0,2720.0,2743.88,267970,2018-08-09
153,1533859200,2768.99,2918.0,2765.1,2899.77,1509370,2018-08-10
154,1534118400,2899.77,2899.77,2823.0,2840.66,432310,2018-08-13
155,1534204800,2845.6,2914.8,2841.65,2899.23,495590,2018-08-14
156,1534377600,2890.0,2947.0,2860.91,2880.39,459330,2018-08-16
157,1534464000,2900.0,2917.5,2840.0,2847.61,371630,2018-08-17
158,1534723200,2868.97,2880.0,2807.6,2838.28,448570,2018-08-20
159,1534809600,2849.9,2880.0,2839.91,2861.12,394040,2018-08-21
160,1534982400,2860.72,2882.49,2836.0,2876.69,368200,2018-08-23
161,1535068800,2862.3,2900.0,2853.4,2886.98,408080,2018-08-24
162,1535328000,2902.73,2930.0,2860.1,2898.21,423760,2018-08-27
163,1535414400,2920.0,2926.7,2850.0,2867.79,405620,2018-08-28
164,1535500800,2882.0,2882.13,2813.5,2818.88,421530,2018-08-29
165,1535587200,2840.0,2848.99,2755.19,2760.22,613400,2018-08-30
166,1535673600,2762.73,2814.4,2761.5,2805.98,627530,2018-08-31
167,1535932800,2810.0,2899.9,2809.0,2888.58,1030520,2018-09-03
168,1536019200,2890.0,2904.0,2862.5,2880.72,396520,2018-09-04
169,1536105600,2860.01,2915.0,2860.01,2905.5,802480,2018-09-05
170,1536192000,2924.96,2924.96,2871.0,2884.42,396840,2018-09-06
171,1536278400,2884.42,2894.9,2861.07,2868.22,276550,2018-09-07
172,1536537600,2868.0,2885.0,2855.0,2862.31,187090,2018-09-10
173,1536624000,2868.0,2868.0,2795.07,2806.96,355320,2018-09-11
174,1536710400,2827.23,2919.69,2804.5,2881.22,387700,2018-09-12
175,1536883200,2882.99,2942.5,2882.99,2938.38,356980,2018-09-14
176,1537142400,2930.5,2978.0,2917.2,2966.37,446770,2018-09-17
177,1537228800,2960.1,2980.0,2857.21,2890.03,434830,2018-09-18
178,1537315200,2909.79,2937.06,2828.01,2841.05,386640,2018-09-19
179,1537488000,2859.5,2869.97,2733.6,2794.02,740660,2018-09-21
180,1537747200,2798.3,2809.97,2561.1,2585.28,1398350,2018-09-24
181,1537833600,2586.0,2599.0,2503.52,2559.97,1391260,2018-09-25
182,1537920000,2589.7,2625.04,2510.1,2518.07,786090,2018-09-26
183,1538006400,2536.96,2561.7,2460.12,2490.22,1258480,2018-09-27
184,1538092800,2498.5,2549.99,2352.37,2418.54,1129010,2018-09-28
185,1538352000,2428.0,2499.9,2323.0,2474.95,1144040,2018-10-01
186,1538524800,2475.0,2475.0,2305.0,2323.57,2467470,2018-10-03
187,1538611200,2290.0,2290.0,2000.11,2190.78,4125330,2018-10-04
188,1538697600,2159.73,2266.94,2097.51,2119.04,1791150,2018-10-05
189,1538956800,2140.0,2231.4,2065.1,2213.48,1614900,2018-10-08
190,1539043200,2191.29,2218.11,2080.13,2108.57,1727430,2018-10-09
191,1539129600,2132.73,2281.0,2132.73,2258.23,1488910,2018-10-10
192,1539216000,2130.0,2260.0,2118.24,2235.74,1748840,2018-10-11
193,1539302400,2294.4,2419.9,2250.1,2390.38,1761030,2018-10-12
194,1539561600,2410.0,2413.41,2300.01,2343.45,1162290,2018-10-15
195,1539648000,2355.0,2395.0,2275.0,2300.22,1051540,2018-10-16
196,1539734400,2338.0,2372.74,2185.0,2197.81,1207330,2018-10-17
197,1539907200,2197.81,2238.0,2135.1,2162.53,1219710,2018-10-19
198,1540166400,2195.0,2256.0,2185.0,2242.51,955160,2018-10-22
199,1540252800,2204.0,2247.5,2190.1,2225.81,894490,2018-10-23
200,1540339200,2260.0,2269.0,2185.1,2262.47,760590,2018-10-24
201,1540425600,2232.4,2242.73,2190.0,2209.22,1298190,2018-10-25
202,1540512000,2227.23,2230.0,2170.5,2180.64,495930,2018-10-26
203,1540771200,2199.0,2208.4,2129.0,2146.19,961780,2018-10-29
204,1540857600,2150.0,2151.34,2098.5,2102.61,631350,2018-10-30
205,1540944000,2120.0,2199.0,2070.11,2186.46,1215870,2018-10-31
206,1541030400,2175.0,2229.98,2175.0,2199.21,1402560,2018-11-01
207,1541116800,2230.0,2308.06,2220.0,2267.41,1318660,2018-11-02
208,1541376000,2270.1,2276.5,2237.41,2255.22,358560,2018-11-05
209,1541462400,2265.0,2282.73,2237.0,2255.96,507640,2018-11-06
210,1541548800,2270.0,2282.59,2260.02,2265.03,52410,2018-11-07
211,1541721600,2273.95,2273.95,2240.5,2249.52,724590,2018-11-09
212,1541980800,2237.0,2249.52,2182.04,2193.35,537710,2018-11-12
213,1542067200,2145.1,2340.0,2119.68,2324.19,2688470,2018-11-13
214,1542153600,2330.0,2418.4,2305.6,2324.01,1993430,2018-11-14
215,1542240000,2340.0,2404.19,2329.15,2394.53,1123080,2018-11-15
216,1542326400,2412.0,2483.0,2392.51,2473.5,1302650,2018-11-16
217,1542585600,2499.0,2534.0,2472.64,2489.71,1244430,2018-11-19
218,1542672000,2489.71,2535.0,2445.06,2459.58,1030740,2018-11-20
219,1542758400,2474.4,2530.0,2396.01,2421.64,1178150,2018-11-21
220,1542844800,2442.0,2447.99,2394.0,2410.91,679060,2018-11-22
221,1543190400,2416.0,2448.8,2362.66,2384.83,765770,2018-11-26
222,1543276800,2401.79,2403.98,2358.0,2380.76,513890,2018-11-27
223,1543363200,2378.0,2405.0,2304.0,2311.14,814340,2018-11-28
224,1543449600,2330.0,2359.6,2295.21,2352.13,924630,2018-11-29
225,1543536000,2350.0,2373.99,2331.0,2340.53,864900,2018-11-30
0,1543795200,2332.0,2389.8,2295.3,2356.73,927780,2018-12-03
1,1543881600,2350.5,2373.87,2330.0,2340.14,530750,2018-12-04
2,1543968000,2328.0,2328.0,2268.5,2279.34,885510,2018-12-05
3,1544054400,2277.0,2277.0,2210.0,2221.14,1152120,2018-12-06
4,1544140800,2240.0,2248.61,2196.34,2236.93,962340,2018-12-07
5,1544400000,2209.82,2259.98,2186.5,2240.48,505070,2018-12-10
6,1544486400,2201.1,2276.6,2180.0,2264.06,611520,2018-12-11
7,1544572800,2264.06,2385.0,2264.06,2372.2,668060,2018-12-12
8,1544659200,2380.0,2412.49,2320.0,2330.54,1087130,2018-12-13
9,1544745600,2335.0,2380.0,2315.07,2371.61,767570,2018-12-14
10,1545004800,2395.1,2395.1,2355.0,2369.78,442650,2018-12-17
11,1545091200,2357.0,2390.0,2334.4,2386.56,614160,2018-12-18
12,1545177600,2386.56,2422.0,2380.81,2395.57,490790,2018-12-19
13,1545264000,2380.0,2417.8,2370.01,2409.2,501230,2018-12-20
14,1545350400,2414.6,2419.0,2341.11,2359.76,579890,2018-12-21
15,1545609600,2347.99,2357.5,2311.92,2321.07,346870,2018-12-24
16,1545782400,2310.0,2345.0,2270.0,2308.14,550490,2018-12-26
17,1545868800,2330.0,2338.3,2288.79,2299.45,474780,2018-12-27
18,1545955200,2301.1,2331.0,2299.5,2312.41,373040,2018-12-28
19,1546214400,2335.0,2339.0,2300.77,2315.83,431030,2018-12-31
0,1546300800,2316.23,2329.3,2290.5,2319.51,444340,2019-01-01
1,1546387200,2234.0,2234.0,2095.02,2116.23,4814970,2019-01-02
2,1546473600,2104.0,2104.0,2015.1,2021.14,4683010,2019-01-03
3,1546560000,2032.5,2064.81,2000.1,2010.36,3418330,2019-01-04
4,1546819200,2045.0,2047.7,1975.5,1983.04,2156680,2019-01-07
5,1546905600,1985.5,2063.0,1978.5,2004.47,3664290,2019-01-08
6,1546992000,1989.0,2039.78,1985.0,2029.1,1637520,2019-01-09
7,1547078400,2036.0,2060.0,2034.51,2055.61,1021430,2019-01-10
8,1547164800,2060.0,2076.73,2038.7,2050.76,1122200,2019-01-11
9,1547424000,2062.8,2062.92,2022.2,2048.04,701210,2019-01-14
10,1547510400,2054.0,2067.0,2048.0,2063.81,633190,2019-01-15
11,1547596800,2062.6,2078.4,2062.6,2073.57,674680,2019-01-16
12,1547683200,2080.0,2084.77,2016.04,2036.99,1037770,2019-01-17
13,1547769600,2040.0,2042.5,1995.0,2012.28,1081400,2019-01-18
14,1548028800,2015.1,2029.79,1994.97,2002.8,950380,2019-01-21
15,1548115200,2000.1,2035.0,1990.0,2002.36,1378300,2019-01-22
16,1548201600,2007.7,2022.3,1999.1,2008.92,535950,2019-01-23
17,1548288000,2015.0,2033.0,2007.5,2011.56,457230,2019-01-24
18,1548374400,2020.0,2033.78,1983.51,2004.99,671890,2019-01-25
19,1548633600,2006.1,2024.1,1987.16,1998.74,1019070,2019-01-28
20,1548720000,1999.9,2000.0,1880.0,1887.72,1931980,2019-01-29
21,1548806400,1890.0,1909.49,1880.0,1891.92,1026320,2019-01-30
22,1548892800,1912.0,1917.89,1883.61,1900.57,675110,2019-01-31
23,1548979200,1909.0,2014.47,1907.61,1966.34,1857170,2019-02-01
24,1549238400,1972.0,2043.19,1943.5,2012.83,1621290,2019-02-04
25,1549324800,2016.1,2058.49,2016.0,2047.97,1018700,2019-02-05
26,1549411200,2052.97,2120.0,2052.97,2110.43,1297160,2019-02-06
27,1549497600,2123.49,2196.5,2115.07,2190.42,1352940,2019-02-07
28,1549584000,2185.5,2190.42,2075.0,2084.74,1234030,2019-02-08
29,1549843200,2043.4,2145.96,2033.1,2075.31,2619820,2019-02-11
30,1549929600,2047.0,2130.0,2007.0,2113.75,2590360,2019-02-12
31,1550016000,2125.0,2135.0,2000.1,2015.87,1504900,2019-02-13
32,1550102400,2016.0,2058.81,1990.0,2001.64,1403410,2019-02-14
33,1550188800,2014.73,2037.72,1993.21,2023.41,1235950,2019-02-15
34,1550448000,2043.3,2045.0,2004.77,2015.52,850970,2019-02-18
35,1550534400,2020.0,2046.46,2012.1,2040.98,654740,2019-02-19
36,1550620800,2041.5,2065.0,2038.0,2052.85,698580,2019-02-20
37,1550707200,2045.0,2063.47,2025.0,2044.74,670210,2019-02-21
38,1550793600,2057.7,2070.0,2030.0,2059.54,740010,2019-02-22
39,1551052800,2069.99,2078.09,2050.0,2070.48,462600,2019-02-25
40,1551139200,2067.0,2087.49,2040.01,2062.0,878770,2019-02-26
41,1551225600,2078.08,2078.08,2030.21,2040.77,624010,2019-02-27
42,1551312000,2064.9,2064.9,1980.0,1986.91,1870270,2019-02-28
43,1551398400,1990.4,2003.19,1972.0,1994.87,984330,2019-03-01
44,1551744000,1950.0,2187.7,1932.0,2150.54,4523630,2019-03-05
45,1551830400,2151.0,2180.0,2140.5,2150.4,1265860,2019-03-06
46,1551916800,2154.9,2170.0,2141.13,2152.15,831150,2019-03-07
47,1552003200,2152.0,2209.34,2140.01,2187.1,1957920,2019-03-08
48,1552262400,2194.85,2314.52,2189.5,2297.24,2485590,2019-03-11
49,1552348800,2300.1,2335.5,2227.29,2246.19,1992480,2019-03-12
50,1552435200,2248.88,2289.8,2246.2,2277.73,1461680,2019-03-13
51,1552521600,2280.0,2298.69,2250.1,2261.99,968750,2019-03-14
52,1552608000,2283.8,2283.8,2242.6,2261.23,981900,2019-03-15
53,1552867200,2260.0,2279.99,2210.2,2225.14,993140,2019-03-18
54,1552953600,2224.0,2224.0,2157.96,2175.91,2011750,2019-03-19
55,1553040000,2166.0,2185.0,2119.0,2133.8,1371030,2019-03-20
56,1553212800,2133.8,2167.46,2127.5,2144.69,2168820,2019-03-22
57,1553472000,2139.0,2139.0,2105.09,2115.14,994230,2019-03-25
58,1553558400,2127.5,2144.42,2100.5,2138.2,1098830,2019-03-26
59,1553644800,2140.1,2148.5,2085.56,2097.42,1175880,2019-03-27
60,1553731200,2102.4,2130.0,2078.1,2089.9,1255610,2019-03-28
61,1553817600,2079.5,2080.0,2049.8,2054.77,1141050,2019-03-29
62,1554076800,2078.87,2078.87,1998.55,2004.84,1953970,2019-04-01
63,1554163200,2031.0,2119.1,2030.1,2058.35,3146450,2019-04-02
64,1554249600,2040.0,2047.6,2011.22,2020.27,1232650,2019-04-03
65,1554336000,2024.0,2060.0,1992.1,2048.96,1675580,2019-04-04
66,1554422400,2060.5,2102.94,2060.01,2098.03,1276880,2019-04-05
67,1554681600,2112.4,2118.9,2054.36,2061.27,865240,2019-04-08
68,1554768000,2069.9,2102.4,2035.5,2094.71,802560,2019-04-09
69,1554854400,2084.0,2108.0,2065.0,2097.38,835500,2019-04-10
70,1554940800,2090.0,2107.39,2081.04,2099.81,976450,2019-04-11
71,1555027200,2102.73,2143.0,2090.51,2136.11,1303510,2019-04-12
72,1555286400,2136.2,2156.0,2125.1,2133.19,646040,2019-04-15
73,1555372800,2153.0,2154.18,2120.0,2127.06,617190,2019-04-16
74,1555545600,2137.8,2146.99,2094.96,2102.39,694610,2019-04-18
75,1555891200,2085.0,2099.48,2034.5,2040.08,615220,2019-04-22
76,1555977600,2054.9,2054.9,2020.46,2031.49,731720,2019-04-23
77,1556064000,2040.0,2058.0,2014.0,2053.16,804610,2019-04-24
78,1556150400,2051.04,2063.9,2030.0,2034.02,910660,2019-04-25
79,1556236800,2035.1,2045.26,2017.5,2033.07,637860,2019-04-26
80,1556582400,2027.0,2040.0,2015.0,2036.83,650900,2019-04-30
81,1556755200,1999.0,2063.0,1986.0,2056.51,1095340,2019-05-02
82,1556841600,2057.1,2060.0,2034.0,2035.23,523280,2019-05-03
83,1557100800,2020.0,2048.57,2019.9,2034.99,550680,2019-05-06
84,1557187200,2047.0,2057.99,2027.01,2035.32,489780,2019-05-07
85,1557273600,2028.0,2047.0,2025.0,2033.66,430210,2019-05-08
86,1557360000,2031.5,2049.08,2022.76,2036.09,437180,2019-05-09
87,1557446400,2039.0,2041.76,2030.1,2035.4,547550,2019-05-10
88,1557705600,2005.0,2012.1,1860.0,1875.18,3429730,2019-05-13
89,1557792000,1831.0,1936.64,1820.5,1923.09,3745110,2019-05-14
90,1557878400,1927.5,2016.89,1923.1,1999.78,2171650,2019-05-15
91,1557964800,2005.0,2038.01,1952.5,2030.53,1266530,2019-05-16
92,1558051200,2020.0,2100.0,2005.42,2093.7,1310990,2019-05-17
93,1558310400,2145.0,2161.0,2107.37,2129.72,1117100,2019-05-20
94,1558396800,2124.01,2137.5,2081.21,2090.18,603260,2019-05-21
95,1558483200,2095.0,2130.0,2074.65,2122.47,744680,2019-05-22
96,1558569600,2136.1,2164.9,2014.92,2032.11,1470400,2019-05-23
97,1558656000,2055.0,2104.75,2035.0,2085.06,1094940,2019-05-24
98,1558915200,2091.0,2114.96,2076.5,2088.73,662950,2019-05-27
99,1559001600,2105.0,2105.0,2070.0,2079.01,917320,2019-05-28
100,1559088000,2088.0,2092.72,2036.07,2042.38,689320,2019-05-29
101,1559174400,2042.0,2049.99,1982.0,1989.15,1347270,2019-05-30
102,1559260800,2010.0,2026.32,1980.0,1994.78,1118550,2019-05-31
103,1559520000,1986.0,2007.0,1956.01,1994.82,1577560,2019-06-03
104,1559606400,1999.4,2036.0,1978.35,2004.34,1279550,2019-06-04
105,1559779200,2019.0,2036.0,1995.59,2008.38,1262960,2019-06-06
106,1559865600,2014.39,2021.99,1985.0,1999.78,722710,2019-06-07
107,1560124800,2019.5,2032.07,2002.51,2013.14,426260,2019-06-10
108,1560211200,2017.66,2022.09,2000.04,2013.2,429390,2019-06-11
109,1560297600,2015.2,2020.0,1997.29,2010.59,418760,2019-06-12
110,1560384000,2004.8,2020.0,1990.0,2016.21,597650,2019-06-13
111,1560470400,2000.0,2014.99,1960.0,1976.71,480610,2019-06-14
112,1560729600,1975.01,1999.0,1963.8,1972.78,486340,2019-06-17
113,1560816000,1975.0,1993.8,1956.58,1973.18,550870,2019-06-18
114,1560902400,1983.0,2009.9,1970.0,1979.07,847590,2019-06-19
115,1560988800,1989.9,1989.9,1962.0,1979.32,716150,2019-06-20
116,1561075200,1979.0,1989.9,1965.32,1971.92,546620,2019-06-21
117,1561334400,1977.1,1983.09,1891.21,1909.82,1240360,2019-06-24
118,1561420800,1910.06,1924.89,1883.11,1911.68,1296560,2019-06-25
119,1561507200,1905.01,1932.5,1905.01,1915.18,816920,2019-06-26
120,1561593600,1915.18,1966.9,1915.18,1947.93,1183940,2019-06-27
121,1561680000,1954.95,1963.48,1908.0,1913.88,760460,2019-06-28
122,1561939200,1929.0,1974.99,1920.0,1962.53,1021530,2019-07-01
123,1562025600,1930.0,2028.88,1929.9,2013.74,1431860,2019-07-02
124,1562112000,2010.0,2015.0,1958.06,1965.01,922730,2019-07-03
125,1562198400,1975.47,2009.5,1963.6,1982.54,1051340,2019-07-04
126,1562284800,1994.93,2004.5,1958.18,1964.51,753860,2019-07-05
127,1562544000,1968.0,1975.36,1885.1,1903.29,991410,2019-07-08
128,1562630400,1918.0,1929.54,1873.01,1903.86,1295640,2019-07-09
129,1562716800,1899.0,1927.09,1865.0,1875.1,831210,2019-07-10
130,1562803200,1891.49,1906.67,1882.0,1903.42,695000,2019-07-11
131,1562889600,1898.41,1910.0,1886.0,1895.53,833100,2019-07-12
132,1563148800,1910.0,1919.8,1878.75,1883.39,500530,2019-07-15
133,1563235200,1887.0,1910.0,1865.41,1904.12,602940,2019-07-16
134,1563321600,1905.0,1905.0,1831.01,1843.37,940840,2019-07-17
135,1563408000,1853.0,1858.12,1835.0,1840.6,683830,2019-07-18
136,1563494400,1852.7,1854.0,1750.0,1766.4,1841410,2019-07-19
137,1563753600,1772.5,1779.41,1697.49,1707.2,2334480,2019-07-22
138,1563840000,1720.0,1738.14,1704.16,1709.84,1131400,2019-07-23
139,1563926400,1710.05,1715.49,1617.5,1638.1,2450250,2019-07-24
140,1564012800,1620.0,1671.98,1618.78,1643.69,2059680,2019-07-25
141,1564099200,1644.39,1747.69,1632.72,1718.66,2300560,2019-07-26
142,1564358400,1700.0,1700.0,1634.0,1638.81,1531070,2019-07-29
143,1564444800,1649.0,1672.5,1600.93,1616.35,1821980,2019-07-30
144,1564531200,1625.2,1645.17,1597.66,1634.8,1548640,2019-07-31
145,1564617600,1595.0,1676.0,1578.6,1656.28,2568280,2019-08-01
146,1564704000,1615.0,1711.19,1613.33,1690.5,3003440,2019-08-02
147,1564963200,1687.2,1687.2,1634.01,1650.4,1434390,2019-08-05
148,1565049600,1641.0,1714.45,1641.0,1701.07,1321600,2019-08-06
149,1565136000,1681.6,1717.47,1634.0,1645.67,1540540,2019-08-07
150,1565222400,1666.0,1690.0,1629.32,1681.16,1341470,2019-08-08
151,1565308800,1673.02,1778.79,1673.02,1758.72,1828890,2019-08-09
152,1565654400,1760.0,1764.99,1654.78,1664.5,1474660,2019-08-13
153,1565740800,1699.5,1699.5,1640.11,1657.46,2161060,2019-08-14
154,1565913600,1660.0,1672.0,1618.34,1660.04,1728990,2019-08-16
155,1566172800,1680.0,1680.0,1629.26,1633.77,1350470,2019-08-19
156,1566259200,1643.77,1657.0,1583.0,1589.57,2414640,2019-08-20
157,1566345600,1606.0,1628.0,1590.94,1600.05,1797430,2019-08-21
158,1566432000,1600.5,1605.2,1548.01,1552.33,1596230,2019-08-22
159,1566518400,1553.0,1557.47,1526.52,1538.34,2083250,2019-08-23
160,1566777600,1609.9,1609.9,1520.0,1554.82,2701320,2019-08-26
161,1566864000,1558.01,1621.57,1551.1,1599.54,2884330,2019-08-27
162,1566950400,1599.98,1634.23,1582.53,1629.75,1933180,2019-08-28
163,1567036800,1629.9,1670.0,1613.76,1653.8,1813980,2019-08-29
164,1567123200,1656.38,1666.6,1596.71,1625.84,1774600,2019-08-30
165,1567468800,1597.1,1597.52,1568.16,1577.58,1926680,2019-09-03
166,1567555200,1580.5,1593.28,1553.0,1564.24,1844770,2019-09-04
167,1567641600,1574.9,1587.99,1554.11,1575.42,1226400,2019-09-05
168,1567728000,1581.57,1649.9,1573.17,1640.72,2475130,2019-09-06
169,1567987200,1619.86,1647.0,1602.65,1620.68,1925930,2019-09-09
170,1568160000,1621.13,1709.0,1621.13,1701.36,2597820,2019-09-11
171,1568246400,1704.0,1718.82,1652.15,1668.06,1919550,2019-09-12
172,1568332800,1675.0,1688.0,1645.0,1668.94,1655140,2019-09-13
173,1568592000,1658.0,1683.43,1635.1,1676.43,1119960,2019-09-16
174,1568678400,1680.0,1685.99,1607.2,1628.49,1498790,2019-09-17
175,1568764800,1650.0,1655.49,1584.2,1603.04,1677750,2019-09-18
176,1568851200,1610.0,1618.0,1563.0,1575.25,1560270,2019-09-19
177,1568937600,1587.59,1948.8,1576.0,1786.02,4954160,2019-09-20
178,1569196800,1840.0,1950.0,1840.0,1923.93,3307200,2019-09-23
179,1569283200,1949.0,1956.5,1795.5,1843.43,2860100,2019-09-24
180,1569369600,1835.0,1852.4,1740.5,1760.01,2085490,2019-09-25
181,1569456000,1771.01,1812.5,1753.06,1791.16,1870460,2019-09-26
182,1569542400,1770.1,1818.43,1755.0,1779.24,1480120,2019-09-27
183,1569801600,1780.0,1800.0,1736.64,1776.52,1499570,2019-09-30
184,1569888000,1796.0,1828.0,1759.4,1782.68,2008420,2019-10-01
185,1570060800,1782.5,1834.0,1772.31,1828.47,1228820,2019-10-03
186,1570147200,1845.0,1850.89,1785.74,1799.9,1431550,2019-10-04
187,1570406400,1793.49,1815.33,1765.47,1800.06,794600,2019-10-07
188,1570579200,1795.01,1830.0,1783.31,1823.93,1112850,2019-10-09
189,1570665600,1819.5,1819.5,1785.17,1805.25,823540,2019-10-10
190,1570752000,1809.1,1834.9,1790.0,1820.11,946990,2019-10-11
191,1571011200,1810.0,1845.0,1808.0,1832.79,774670,2019-10-14
192,1571097600,1831.0,1930.0,1828.5,1919.91,2304110,2019-10-15
193,1571184000,1918.8,1930.0,1890.26,1922.06,1084750,2019-10-16
194,1571270400,1950.0,2078.9,1945.5,2049.19,3986370,2019-10-17
195,1571356800,2060.0,2068.0,2006.51,2027.59,2950660,2019-10-18
196,1571702400,2027.6,2051.32,1985.5,1997.89,1613920,2019-10-22
197,1571788800,1997.6,2074.09,1977.9,2052.12,1854730,2019-10-23
198,1571875200,2064.0,2118.85,2052.11,2103.23,2248480,2019-10-24
199,1571961600,2115.0,2141.5,2095.01,2132.18,1505220,2019-10-25
200,1572134400,2150.0,2168.86,2110.02,2132.37,248880,2019-10-27
201,1572307200,2132.37,2215.0,2132.37,2204.94,1910470,2019-10-29
202,1572393600,2225.0,2259.9,2160.0,2251.15,2022690,2019-10-30
203,1572480000,2254.5,2268.02,2230.1,2253.81,1376540,2019-10-31
204,1572566400,2258.7,2288.8,2190.01,2197.61,1870250,2019-11-01
205,1572825600,2224.0,2228.0,2156.0,2174.07,1570140,2019-11-04
206,1572912000,2175.0,2194.73,2123.05,2128.72,1494120,2019-11-05
207,1572998400,2137.0,2175.0,2103.42,2160.56,1444450,2019-11-06
208,1573084800,2167.0,2170.0,2117.11,2142.4,1055860,2019-11-07
209,1573171200,2125.0,2205.57,2120.0,2168.97,1874110,2019-11-08
210,1573430400,2164.0,2181.77,2131.01,2137.69,944160,2019-11-11
211,1573603200,2137.0,2182.4,2120.0,2135.22,1589070,2019-11-13
212,1573689600,2150.0,2172.5,2135.5,2155.81,980830,2019-11-14
213,1573776000,2185.0,2190.0,2124.13,2132.41,1195330,2019-11-15
214,1574035200,2142.9,2158.0,2125.0,2147.74,694660,2019-11-18
215,1574121600,2160.0,2179.99,2142.42,2174.73,906060,2019-11-19
216,1574208000,2174.7,2174.7,2139.5,2148.98,735750,2019-11-20
217,1574294400,2155.0,2199.8,2145.0,2195.46,1303740,2019-11-21
218,1574380800,2176.63,2296.5,2160.0,2275.32,2512270,2019-11-22
219,1574640000,2276.0,2341.6,2276.0,2326.13,1971380,2019-11-25
220,1574726400,2334.98,2345.0,2272.7,2280.57,1997340,2019-11-26
221,1574812800,2299.08,2340.0,2287.24,2302.17,1340190,2019-11-27
222,1574899200,2316.55,2316.55,2290.5,2309.16,943210,2019-11-28
223,1574985600,2305.2,2307.99,2265.0,2288.14,1115780,2019-11-29
0,1575244800,2271.5,2275.0,2164.04,2171.31,2399780,2019-12-02
1,1575331200,2171.3,2199.19,2122.2,2137.27,2054080,2019-12-03
2,1575417600,2132.57,2176.9,2113.5,2140.8,1597410,2019-12-04
3,1575504000,2169.0,2169.0,2132.5,2141.71,911910,2019-12-05
4,1575590400,2150.0,2163.47,2066.5,2092.0,1432060,2019-12-06
5,1575849600,2100.0,2119.9,2086.91,2099.71,984820,2019-12-09
6,1575936000,2112.8,2136.55,2095.29,2125.92,979760,2019-12-10
7,1576022400,2125.9,2162.44,2100.22,2154.18,1075180,2019-12-11
8,1576108800,2158.17,2210.1,2158.17,2195.35,1254760,2019-12-12
9,1576195200,2200.84,2245.9,2183.67,2203.48,1401330,2019-12-13
10,1576454400,2217.24,2217.24,2160.0,2165.1,890300,2019-12-16
11,1576540800,2166.6,2192.79,2162.6,2170.49,1160650,2019-12-17
12,1576627200,2175.0,2197.24,2141.6,2173.58,1014430,2019-12-18
13,1576713600,2176.01,2250.59,2170.9,2242.72,1809760,2019-12-19
14,1576800000,2235.1,2259.9,2209.07,2222.11,1326790,2019-12-20
15,1577059200,2212.01,2244.0,2200.0,2217.61,939940,2019-12-23
16,1577145600,2219.96,2243.0,2176.44,2186.86,1162270,2019-12-24
17,1577318400,2199.0,2220.0,2190.11,2204.57,964810,2019-12-26
18,1577404800,2218.34,2232.02,2190.2,2222.23,797560,2019-12-27
19,1577664000,2227.01,2287.66,2218.04,2278.45,1158460,2019-12-30
20,1577750400,2278.0,2278.0,2238.68,2251.52,1142680,2019-12-31
0,1577836800,2251.52,2259.48,2200.1,2207.58,1086480,2020-01-01
1,1577923200,2209.0,2234.19,2147.11,2160.08,2285820,2020-01-02
2,1578009600,2165.0,2166.6,2111.0,2118.93,1572970,2020-01-03
3,1578268800,2110.0,2110.0,2073.95,2086.04,1258710,2020-01-06
4,1578355200,2095.0,2134.98,2071.38,2080.38,1371520,2020-01-07
5,1578441600,2070.0,2070.0,1980.01,1989.22,2892860,2020-01-08
6,1578528000,2023.8,2050.0,1986.0,2032.89,2592870,2020-01-09
7,1578614400,2033.0,2074.0,2025.02,2043.28,2169260,2020-01-10
8,1578873600,2060.0,2060.01,2006.32,2028.0,1320920,2020-01-13
9,1578960000,2027.0,2057.93,2025.5,2048.97,1162260,2020-01-14
10,1579046400,2044.0,2065.0,2030.0,2062.48,1079560,2020-01-15
11,1579132800,2069.9,2160.0,2065.0,2153.63,2921950,2020-01-16
12,1579219200,2150.91,2177.0,2110.35,2129.22,1834850,2020-01-17
13,1579478400,2138.0,2154.99,2100.5,2136.51,1005930,2020-01-20
14,1579564800,2135.8,2147.5,2097.03,2105.66,1032360,2020-01-21
15,1579651200,2116.0,2128.0,2094.4,2110.0,786810,2020-01-22
16,1579737600,2107.0,2119.6,2078.05,2091.57,1059580,2020-01-23
17,1579824000,2098.0,2117.5,2080.0,2093.08,770750,2020-01-24
18,1580083200,2085.0,2116.08,2077.5,2109.52,971080,2020-01-27
19,1580169600,2122.7,2122.7,2087.5,2108.67,972770,2020-01-28
20,1580256000,2123.6,2123.6,2010.0,2019.22,2869250,2020-01-29
21,1580342400,2020.0,2058.0,2020.0,2034.03,1385590,2020-01-30
22,1580428800,2045.0,2064.17,2021.1,2028.93,1021230,2020-01-31
23,1580515200,2029.0,2059.8,1991.03,2005.93,1013810,2020-02-01
24,1580688000,1954.73,2037.56,1951.17,1988.34,1486370,2020-02-03
25,1580774400,2000.0,2014.0,1945.0,1951.26,1500920,2020-02-04
26,1580860800,1971.2,1980.0,1935.61,1948.71,1283330,2020-02-05
27,1580947200,1962.5,2064.16,1926.1,2039.12,3945750,2020-02-06
28,1581033600,2050.0,2051.69,1966.67,1973.63,2224150,2020-02-07
29,1581292800,1985.5,1985.5,1879.0,1905.72,2437470,2020-02-10
30,1581379200,1925.0,1936.89,1894.5,1900.93,1295530,2020-02-11
31,1581465600,1900.0,1936.0,1892.58,1927.78,1528370,2020-02-12
32,1581552000,1927.1,1949.0,1917.08,1935.53,919630,2020-02-13
33,1581638400,1927.0,1935.0,1850.5,1870.36,2318720,2020-02-14
34,1581897600,1890.0,1894.87,1845.01,1853.59,1292680,2020-02-17
35,1581984000,1850.0,1879.19,1833.96,1876.03,1806500,2020-02-18
36,1582070400,1890.5,1903.9,1871.06,1887.52,1322670,2020-02-19
37,1582156800,1886.99,1903.0,1854.45,1884.86,1249820,2020-02-20
38,1582502400,1870.0,1870.0,1780.01,1794.99,1928210,2020-02-24
39,1582588800,1813.5,1823.0,1732.1,1753.23,2568310,2020-02-25
40,1582675200,1743.0,1760.0,1703.54,1715.69,2151130,2020-02-26
41,1582761600,1716.78,1724.8,1690.61,1705.34,2554810,2020-02-27
42,1582848000,1669.7,1684.8,1631.71,1660.23,3264550,2020-02-28
43,1583107200,1666.6,1778.29,1664.3,1701.34,3483700,2020-03-02
44,1583193600,1750.0,1804.1,1740.0,1788.84,2747400,2020-03-03
45,1583280000,1795.4,1828.0,1687.0,1725.42,4186090,2020-03-04
46,1583366400,1745.0,1788.8,1716.18,1777.53,2313750,2020-03-05
47,1583452800,1735.0,1787.15,1682.2,1774.36,1707910,2020-03-06
48,1583712000,1709.9,1799.9,1704.52,1788.58,1932260,2020-03-09
49,1583884800,1788.58,1826.69,1751.7,1775.36,2219100,2020-03-11
50,1583971200,1699.98,1728.15,1670.0,1687.77,3635550,2020-03-12
51,1584057600,1590.0,1852.86,1520.2,1767.22,2794030,2020-03-13
52,1584316800,1687.49,1735.68,1636.0,1649.37,1924980,2020-03-16
53,1584403200,1671.0,1746.0,1660.01,1706.11,1675380,2020-03-17
54,1584489600,1711.01,1745.0,1582.82,1595.42,1589210,2020-03-18
55,1584576000,1515.0,1607.0,1485.3,1504.65,1611820,2020-03-19
56,1584662400,1539.45,1599.9,1446.57,1567.84,2113350,2020-03-20
57,1584921600,1435.1,1724.0,1332.67,1370.59,1443380,2020-03-23
58,1585008000,1400.0,1455.5,1388.0,1420.85,1127010,2020-03-24
59,1585094400,1370.5,1480.0,1370.5,1451.66,761180,2020-03-25
60,1585180800,1463.0,1516.6,1450.0,1475.79,2048930,2020-03-26
61,1585267200,1524.3,1539.6,1400.0,1431.98,1106350,2020-03-27
62,1585526400,1409.8,1409.8,1310.0,1333.31,2263090,2020-03-30
63,1585612800,1365.9,1367.61,1295.0,1309.59,1672660,2020-03-31
64,1585699200,1309.59,1331.9,1272.5,1300.16,1387220,2020-04-01
65,1585872000,1306.0,1309.99,1260.0,1268.01,1806980,2020-04-03
66,1586217600,1307.08,1321.2,1245.01,1309.6,2405650,2020-04-07
67,1586304000,1300.0,1365.0,1280.0,1315.85,2799990,2020-04-08
68,1586390400,1340.0,1404.61,1316.26,1374.23,3618810,2020-04-09
69,1586736000,1373.0,1373.0,1330.5,1340.05,1266220,2020-04-13
70,1586908800,1360.0,1387.2,1312.27,1331.49,2755940,2020-04-15
71,1586995200,1331.5,1353.39,1304.2,1337.14,2501470,2020-04-16
72,1587081600,1376.0,1497.8,1361.9,1477.03,5656840,2020-04-17
73,1587340800,1477.03,1480.03,1406.03,1421.45,2999770,2020-04-20
74,1587427200,1395.52,1398.5,1345.0,1349.5,1656600,2020-04-21
75,1587513600,1349.5,1394.49,1320.0,1370.33,2765770,2020-04-22
76,1587600000,1380.0,1425.0,1371.0,1406.83,2072690,2020-04-23
77,1587686400,1406.8,1409.1,1350.51,1358.92,1799440,2020-04-24
78,1587945600,1390.2,1420.0,1381.49,1399.95,1836170,2020-04-27
79,1588032000,1411.0,1438.5,1410.05,1432.68,1846940,2020-04-28
80,1588118400,1440.99,1445.0,1412.55,1431.57,1477410,2020-04-29
81,1588204800,1458.02,1490.0,1440.2,1470.79,3472440,2020-04-30
82,1588550400,1439.0,1439.0,1361.43,1374.88,1924470,2020-05-04
83,1588636800,1400.0,1416.29,1366.6,1381.09,1524900,2020-05-05
84,1588723200,1382.5,1417.54,1360.0,1385.99,1871270,2020-05-06
85,1588809600,1385.99,1410.5,1371.29,1401.05,1270500,2020-05-07
86,1588896000,1423.08,1433.08,1357.1,1385.89,1643340,2020-05-08
87,1589155200,1405.99,1455.0,1400.0,1428.9,1958250,2020-05-11
88,1589241600,1424.0,1426.95,1378.9,1416.71,1479050,2020-05-12
89,1589328000,1497.0,1497.0,1418.47,1427.17,2529670,2020-05-13
90,1589414400,1412.0,1427.02,1398.0,1403.18,1481780,2020-05-14
91,1589500800,1408.0,1419.9,1365.0,1409.96,2350250,2020-05-15
92,1589760000,1405.02,1405.02,1285.55,1298.82,2752730,2020-05-18
93,1589846400,1330.0,1334.63,1287.51,1296.62,2506970,2020-05-19
94,1589932800,1296.62,1380.0,1286.8,1367.51,2665490,2020-05-20
95,1590019200,1347.7,1419.9,1335.61,1408.76,3222040,2020-05-21
96,1590105600,1390.1,1409.8,1370.0,1392.24,1836990,2020-05-22
97,1590451200,1410.5,1487.5,1406.5,1480.51,3191350,2020-05-26
98,1590537600,1488.0,1512.0,1450.5,1496.7,3017880,2020-05-27
99,1590624000,1512.0,1643.0,1504.8,1623.65,8154270,2020-05-28
100,1590710400,1590.3,1699.69,1580.1,1654.84,8504070,2020-05-29
101,1590969600,1690.0,1738.0,1680.13,1698.57,4643140,2020-06-01
102,1591056000,1720.0,1750.0,1700.0,1739.62,3968190,2020-06-02
103,1591142400,1790.0,1790.0,1740.01,1754.28,2850940,2020-06-03
104,1591228800,1747.5,1770.0,1705.48,1727.29,3037860,2020-06-04
105,1591315200,1745.0,1762.0,1731.01,1749.53,1950710,2020-06-05
106,1591574400,1785.0,1786.54,1679.0,1689.48,2735380,2020-06-08
107,1591660800,1695.0,1734.81,1665.28,1702.68,3252750,2020-06-09
108,1591747200,1702.68,1726.96,1692.71,1709.01,1626490,2020-06-10
109,1591833600,1709.01,1725.0,1628.68,1644.28,2190100,2020-06-11
110,1591920000,1560.0,1698.97,1559.11,1685.73,3796680,2020-06-12
111,1592179200,1659.99,1735.1,1627.61,1648.19,5365180,2020-06-15
112,1592265600,1700.0,1700.0,1638.21,1670.9,3577860,2020-06-16
113,1592352000,1680.0,1696.0,1655.0,1679.68,2522120,2020-06-17
114,1592438400,1678.85,1718.0,1661.01,1711.61,2089530,2020-06-18
115,1592524800,1720.0,1755.0,1688.0,1734.94,3119320,2020-06-19
116,1592784000,1734.94,1779.48,1721.73,1758.9,2342470,2020-06-22
117,1592870400,1761.0,1800.0,1761.0,1789.11,2064180,2020-06-23
118,1592956800,1810.0,1849.0,1785.01,1843.69,3383920,2020-06-24
119,1593043200,1837.49,1837.49,1792.0,1809.07,2768290,2020-06-25
120,1593129600,1829.0,1855.11,1809.7,1847.34,2248860,2020-06-26
121,1593388800,1837.74,1847.0,1802.0,1811.35,1948420,2020-06-29
122,1593475200,1825.0,1853.0,1820.1,1833.43,2009460,2020-06-30
123,1593561600,1854.0,1864.96,1830.1,1840.2,2334860,2020-07-01
124,1593648000,1840.2,1854.89,1797.0,1835.36,2765680,2020-07-02
125,1593734400,1835.36,1924.9,1835.36,1898.35,2507160,2020-07-03
126,1593993600,1967.0,1967.0,1907.18,1925.09,2833940,2020-07-06
127,1594080000,1925.09,2005.55,1925.0,1993.07,2872800,2020-07-07
128,1594166400,1993.07,2010.0,1931.14,1939.17,3568650,2020-07-08
129,1594252800,1957.0,1965.0,1929.86,1948.32,2742010,2020-07-09
130,1594339200,1950.0,1974.5,1935.0,1944.78,2044230,2020-07-10
131,1594598400,1961.0,1972.9,1945.0,1965.5,1331830,2020-07-13
132,1594684800,1965.5,1965.96,1869.46,1885.01,2475070,2020-07-14
133,1594771200,1901.0,1919.9,1846.5,1856.26,2823600,2020-07-15
134,1594857600,1860.0,1903.9,1832.5,1863.96,2654550,2020-07-16
135,1594944000,1871.0,1912.3,1865.15,1881.08,1672170,2020-07-17
136,1595203200,1895.0,1928.0,1876.7,1918.76,1604480,2020-07-20
137,1595289600,1929.21,2028.7,1929.21,2011.67,3687070,2020-07-21
138,1595376000,2024.0,2030.0,1974.2,1989.06,3357870,2020-07-22
139,1595462400,1988.0,2104.53,1976.02,2088.24,4460620,2020-07-23
140,1595548800,2020.0,2087.1,2020.0,2080.04,3947910,2020-07-24
141,1595808000,2080.04,2085.0,2040.0,2053.77,1922910,2020-07-27
142,1595894400,2055.97,2116.82,2055.0,2105.32,2622890,2020-07-28
143,1595980800,2099.9,2155.0,2090.02,2140.09,2264820,2020-07-29
144,1596067200,2145.0,2172.5,2103.14,2120.14,2464430,2020-07-30
145,1596153600,2144.13,2148.66,2056.7,2063.87,2190610,2020-07-31
146,1596412800,2072.5,2129.4,2065.32,2078.22,2018580,2020-08-03
147,1596499200,2104.5,2127.49,2080.0,2101.56,1557610,2020-08-04
148,1596585600,2121.08,2226.83,2116.0,2195.88,2380920,2020-08-05
149,1596672000,2195.96,2209.99,2155.88,2168.13,2035240,2020-08-06
150,1596758400,2170.0,2214.28,2156.0,2180.73,1952900,2020-08-07
151,1597017600,2189.8,2199.9,2124.0,2135.31,1682090,2020-08-10
152,1597104000,2158.0,2167.0,2125.0,2144.27,1619100,2020-08-11
153,1597190400,2169.99,2233.99,2150.0,2211.67,2986670,2020-08-12
154,1597276800,2211.67,2229.99,2155.52,2167.29,2203740,2020-08-13
155,1597363200,2169.8,2175.02,2006.67,2014.42,5919450,2020-08-14
156,1597622400,2047.2,2134.01,2014.42,2113.47,6533940,2020-08-17
157,1597708800,2111.57,2166.96,2107.14,2140.47,3396910,2020-08-18
158,1597795200,2155.0,2178.1,2116.5,2126.14,2854840,2020-08-19
159,1597881600,2120.0,2153.0,2090.0,2137.14,2243200,2020-08-20
160,1597968000,2170.0,2184.4,2148.0,2170.24,2613180,2020-08-21
161,1598227200,2199.45,2387.25,2151.7,2176.45,11491732,2020-08-24
162,1598313600,2214.0,2250.0,2182.15,2217.25,4757114,2020-08-25
163,1598400000,2280.05,2288.0,2235.0,2248.85,2439450,2020-08-26
164,1598486400,2249.75,2255.0,2215.0,2236.35,1370440,2020-08-27
165,1598572800,2240.0,2256.0,2200.0,2213.6,1470743,2020-08-28
166,1598832000,2225.0,2229.0,2072.75,2092.0,3087539,2020-08-31
167,1598918400,2110.0,2174.0,2106.0,2131.1,2255678,2020-09-01
168,1599004800,2131.1,2187.65,2101.4,2169.85,1972535,2020-09-02
169,1599091200,2175.0,2260.0,2162.5,2231.15,2577069,2020-09-03
170,1599177600,2167.0,2226.0,2165.0,2180.85,1516060,2020-09-04
171,1599436800,2205.0,2215.0,2156.0,2192.9,1354394,2020-09-07
172,1599523200,2203.9,2217.0,2150.0,2161.5,1180325,2020-09-08
173,1599609600,2139.9,2190.8,2125.65,2176.95,1357709,2020-09-09
174,1599696000,2196.95,2198.0,2152.6,2175.6,948270,2020-09-10
175,1599782400,2165.0,2178.7,2140.1,2160.3,1143870,2020-09-11
176,1600041600,2165.0,2198.0,2148.3,2159.4,1180377,2020-09-14
177,1600128000,2159.4,2170.3,2120.0,2140.6,1264201,2020-09-15
178,1600214400,2155.0,2187.85,2145.0,2163.75,1031516,2020-09-16
179,1600300800,2146.0,2161.95,2125.0,2145.45,768952,2020-09-17
180,1600387200,2160.0,2203.8,2135.2,2152.95,1310103,2020-09-18
181,1600646400,2153.05,2160.9,2088.1,2102.95,1944478,2020-09-21
182,1600732800,2104.0,2122.15,2033.65,2064.35,1519039,2020-09-22
183,1600819200,2084.95,2126.85,2050.0,2076.8,1353997,2020-09-23
184,1600905600,2052.45,2079.0,2023.0,2034.45,1346278,2020-09-24
185,1600992000,2063.9,2135.0,2050.0,2117.5,1532715,2020-09-25
186,1601251200,2135.0,2209.0,2128.0,2180.95,1138015,2020-09-28
187,1601337600,2190.0,2218.5,2180.0,2198.5,1337341,2020-09-29
188,1601424000,2204.9,2221.0,2185.65,2202.8,925938,2020-09-30
189,1601510400,2190.0,2230.0,2180.85,2197.65,999891,2020-10-01
190,1601856000,2210.65,2225.0,2182.2,2210.15,930509,2020-10-05
191,1601942400,2223.8,2235.0,2176.1,2197.6,2754316,2020-10-06
192,1602028800,2208.0,2255.0,2170.0,2238.0,1517302,2020-10-07
193,1602115200,2253.0,2256.8,2175.0,2208.8,1515393,2020-10-08
194,1602201600,2211.2,2234.7,2196.65,2217.95,1207911,2020-10-09
195,1602460800,2233.0,2233.0,2171.15,2181.35,1098858,2020-10-12
196,1602547200,2184.25,2235.0,2178.35,2219.55,1587482,2020-10-13
197,1602633600,2201.2,2266.9,2190.0,2253.9,1358100,2020-10-14
198,1602720000,2252.05,2303.0,2226.05,2248.6,1900931,2020-10-15
199,1602806400,2244.0,2285.0,2244.0,2269.9,816001,2020-10-16
200,1603065600,2280.0,2280.0,2185.2,2198.15,1263185,2020-10-19
201,1603152000,2210.0,2235.0,2190.0,2194.45,976231,2020-10-20
202,1603238400,2212.3,2222.5,2143.1,2181.35,1308299,2020-10-21
203,1603324800,2178.9,2178.9,2140.0,2159.45,1021353,2020-10-22
204,1603411200,2162.0,2198.5,2160.0,2181.9,1153578,2020-10-23
205,1603670400,2188.0,2214.65,2091.15,2108.1,1551460,2020-10-26
206,1603756800,2115.0,2134.9,2081.0,2118.25,1019769,2020-10-27
207,1603843200,2125.45,2146.35,2100.5,2135.0,1041016,2020-10-28
208,1603929600,2130.0,2145.0,2100.05,2136.85,834125,2020-10-29
209,1604016000,2123.2,2147.4,2070.55,2085.6,1013513,2020-10-30
210,1604275200,2079.8,2096.1,2015.2,2029.65,1131510,2020-11-02
211,1604361600,2038.0,2115.0,2038.0,2095.0,1939408,2020-11-03
212,1604448000,2093.0,2124.95,2070.0,2097.4,1114904,2020-11-04
213,1604534400,2122.0,2142.2,2103.0,2119.8,828400,2020-11-05
214,1604620800,2128.0,2153.95,2112.0,2139.05,996379,2020-11-06
215,1604880000,2153.0,2201.95,2142.0,2192.85,1129889,2020-11-09
216,1604966400,2212.0,2257.45,2192.2,2234.85,986762,2020-11-10
217,1605052800,2234.85,2333.0,2221.7,2326.7,2127849,2020-11-11
218,1605139200,2326.0,2368.5,2302.0,2350.75,1905794,2020-11-12
219,1605225600,2318.0,2574.4,2317.5,2514.6,9475210,2020-11-13
220,1605312000,2540.0,2588.0,2502.75,2540.55,1043101,2020-11-14
221,1605571200,2540.55,2564.0,2491.15,2541.7,2112263,2020-11-17
222,1605657600,2526.0,2630.0,2513.7,2614.15,1880217,2020-11-18
223,1605744000,2566.1,2658.0,2538.5,2551.25,2433481,2020-11-19
224,1605830400,2565.0,2600.0,2542.3,2590.65,1394396,2020-11-20
225,1606089600,2595.55,2606.55,2560.0,2597.35,823238,2020-11-23
226,1606176000,2596.0,2715.0,2590.1,2693.3,2418981,2020-11-24
227,1606262400,2696.0,2727.0,2581.25,2595.1,1758420,2020-11-25
228,1606348800,2610.0,2613.0,2522.5,2549.2,2083338,2020-11-26
229,1606435200,2566.0,2618.0,2515.1,2534.65,2597507,2020-11-27
0,1606780800,2559.95,2584.9,2525.0,2532.7,1227343,2020-12-01
1,1606867200,2528.0,2549.9,2507.0,2532.5,1293136,2020-12-02
2,1606953600,2555.0,2580.0,2535.0,2549.5,1073359,2020-12-03
3,1607040000,2564.8,2597.7,2532.5,2553.5,1140298,2020-12-04
4,1607299200,2553.5,2573.55,2540.0,2561.15,723083,2020-12-07
5,1607385600,2561.15,2609.0,2515.35,2548.2,1303426,2020-12-08
6,1607472000,2551.1,2560.65,2530.1,2547.25,954150,2020-12-09
7,1607558400,2558.0,2558.0,2487.1,2492.65,1106304,2020-12-10
8,1607644800,2492.65,2507.95,2451.85,2470.8,1488286,2020-12-11
9,1607904000,2465.0,2465.0,2392.3,2400.45,2480823,2020-12-14
10,1607990400,2410.8,2488.0,2409.5,2475.2,2907490,2020-12-15
11,1608076800,2500.0,2506.45,2446.0,2470.1,1462297,2020-12-16
12,1608163200,2471.7,2495.0,2440.0,2466.6,1059879,2020-12-17
13,1608249600,2459.0,2490.0,2425.2,2480.95,849960,2020-12-18
14,1608508800,2460.0,2497.35,2340.6,2396.4,1194154,2020-12-21
15,1608595200,2400.0,2464.0,2382.45,2446.7,1197777,2020-12-22
16,1608681600,2446.0,2474.95,2417.0,2446.7,954704,2020-12-23
17,1608768000,2459.0,2474.0,2427.5,2436.75,599386,2020-12-24
18,1609113600,2441.1,2462.0,2425.55,2451.35,711668,2020-12-28
19,1609200000,2455.0,2503.0,2435.85,2460.55,1955329,2020-12-29
20,1609286400,2479.0,2525.0,2454.35,2517.35,2429452,2020-12-30
21,1609372800,2530.0,2547.35,2485.1,2530.9,1763710,2020-12-31
0,1609459200,2531.0,2555.0,2515.8,2542.7,914818,2021-01-01
1,1609718400,2591.0,2670.0,2580.0,2655.7,3287511,2021-01-04
2,1609804800,2630.0,2685.0,2616.0,2674.9,1494362,2021-01-05
3,1609891200,2668.0,2672.0,2610.0,2645.35,949386,2021-01-06
4,1609977600,2660.0,2715.65,2640.75,2649.8,1250528,2021-01-07
5,1610064000,2661.0,2771.3,2661.0,2760.85,2585123,2021-01-08
6,1610323200,2767.0,2808.65,2726.7,2777.15,1616318,2021-01-11
7,1610409600,2777.2,2949.0,2777.2,2881.65,4829997,2021-01-12
8,1610496000,2869.5,2910.4,2836.65,2868.65,1878124,2021-01-13
9,1610582400,2880.0,2906.95,2841.0,2886.6,1159961,2021-01-14
10,1610668800,2880.0,2902.0,2840.0,2857.3,882692,2021-01-15
11,1610928000,2853.15,2912.7,2815.0,2873.0,2069601,2021-01-18
12,1611014400,2888.0,2929.0,2852.15,2883.5,1447495,2021-01-19
13,1611100800,2887.2,2964.0,2865.65,2881.55,1760329,2021-01-20
14,1611187200,2896.0,2955.0,2895.05,2926.6,1451173,2021-01-21
15,1611273600,2900.0,3037.0,2900.0,2972.6,3091826,2021-01-22
16,1611532800,3029.95,3029.95,2851.25,2869.55,2024082,2021-01-25
17,1611705600,2899.95,2932.4,2769.5,2789.9,2574644,2021-01-27
18,1611792000,2780.0,2830.0,2738.35,2798.45,1430646,2021-01-28
19,1611878400,2812.4,2870.45,2726.95,2744.3,2067268,2021-01-29
20,1612137600,2777.0,2868.05,2698.55,2842.85,1847361,2021-02-01
21,1612224000,2920.0,2920.0,2825.95,2904.85,2125895,2021-02-02
22,1612310400,2904.85,2948.0,2871.5,2916.9,1349528,2021-02-03
23,1612396800,2900.9,2978.0,2881.0,2963.45,1259327,2021-02-04
24,1612483200,2973.2,2990.0,2905.2,2932.15,915838,2021-02-05
25,1612742400,2934.0,2986.0,2930.1,2970.4,654484,2021-02-08
26,1612828800,2993.3,3018.0,2936.05,2947.65,1127584,2021-02-09
27,1612915200,2968.0,2998.9,2876.75,2901.3,2160932,2021-02-10
28,1613001600,2750.0,2840.8,2701.3,2818.15,4481414,2021-02-11
29,1613088000,2840.0,2844.95,2765.05,2781.25,1907486,2021-02-12
30,1613347200,2796.0,2809.0,2758.0,2770.05,930514,2021-02-15
31,1613433600,2770.05,2778.15,2692.45,2726.95,1525475,2021-02-16
32,1613520000,2720.0,2745.0,2685.0,2695.5,1491311,2021-02-17
33,1613606400,2701.1,2712.85,2625.0,2650.2,1924724,2021-02-18
34,1613692800,2646.0,2647.9,2570.0,2584.65,1588781,2021-02-19
35,1613952000,2586.1,2590.0,2450.0,2482.35,2189183,2021-02-22
36,1614038400,2476.2,2549.8,2456.85,2514.7,1821712,2021-02-23
37,1614124800,2530.05,2562.85,2500.0,2535.8,807585,2021-02-24
38,1614211200,2555.0,2558.95,2517.0,2551.95,1351820,2021-02-25
39,1614297600,2529.7,2546.95,2463.65,2498.6,1695786,2021-02-26
40,1614556800,2523.0,2568.9,2497.15,2556.15,1283153,2021-03-01
41,1614643200,2584.0,2611.0,2530.0,2602.3,1491743,2021-03-02
42,1614729600,2605.8,2626.85,2571.1,2599.05,1289447,2021-03-03
43,1614816000,2570.0,2633.0,2545.35,2593.2,1353079,2021-03-04
44,1614902400,2584.8,2634.2,2560.0,2587.75,1153319,2021-03-05
45,1615161600,2600.65,2643.5,2575.0,2583.25,950809,2021-03-08
46,1615248000,2600.0,2618.3,2573.0,2592.7,677915,2021-03-09
47,1615334400,2600.0,2687.0,2598.9,2672.3,1977416,2021-03-10
48,1615507200,2699.0,2699.0,2610.1,2637.5,1109504,2021-03-12
49,1615766400,2640.6,2683.5,2585.35,2669.45,839738,2021-03-15
50,1615852800,2652.45,2683.65,2626.0,2661.05,654829,2021-03-16
51,1615939200,2667.05,2668.9,2630.05,2647.0,634977,2021-03-17
52,1616025600,2665.6,2697.95,2635.0,2664.6,1066000,2021-03-18
53,1616112000,2644.0,2677.0,2600.0,2661.5,906718,2021-03-19
54,1616371200,2668.0,2692.0,2650.05,2676.85,694227,2021-03-22
55,1616457600,2679.0,2716.0,2666.0,2702.75,1134037,2021-03-23
56,1616544000,2700.0,2706.5,2629.05,2660.65,1149589,2021-03-24
57,1616630400,2635.55,2651.0,2548.0,2580.45,1119611,2021-03-25
58,1616716800,2620.0,2620.95,2551.05,2560.55,676278,2021-03-26
59,1617062400,2574.0,2653.7,2561.35,2639.95,980341,2021-03-30
60,1617148800,2635.0,2648.7,2580.1,2603.95,829495,2021-03-31
61,1617235200,2610.8,2649.0,2588.85,2631.15,744423,2021-04-01
62,1617580800,2596.0,2603.0,2507.0,2517.2,1205767,2021-04-05
63,1617667200,2534.8,2553.0,2478.05,2486.6,916830,2021-04-06
64,1617753600,2500.0,2547.2,2490.0,2538.2,684434,2021-04-07
65,1617840000,2558.5,2595.0,2548.0,2553.0,760845,2021-04-08
66,1617926400,2550.0,2575.0,2515.0,2521.6,719036,2021-04-09
67,1618185600,2490.0,2510.0,2395.15,2427.2,1050225,2021-04-12
68,1618272000,2427.2,2504.95,2420.2,2493.85,720904,2021-04-13
69,1618444800,2475.0,2489.9,2378.0,2412.6,1979939,2021-04-15
70,1618531200,2415.0,2469.9,2415.0,2434.85,789681,2021-04-16
71,1618790400,2375.0,2386.0,2318.1,2370.35,882318,2021-04-19
72,1618876800,2399.85,2404.45,2318.9,2340.0,1040931,2021-04-20
73,1619049600,2326.8,2348.1,2303.7,2337.85,834721,2021-04-22
74,1619136000,2310.0,2357.15,2304.1,2317.3,962271,2021-04-23
75,1619395200,2329.5,2376.15,2329.5,2369.85,1330072,2021-04-26
76,1619481600,2369.85,2407.0,2366.7,2400.1,523800,2021-04-27
77,1619568000,2428.0,2540.0,2410.15,2521.2,1681975,2021-04-28
78,1619654400,2526.0,2547.25,2452.9,2462.9,1170842,2021-04-29
79,1619740800,2442.0,2470.25,2414.0,2421.65,646257,2021-04-30
80,1620000000,2382.5,2416.25,2367.5,2396.25,461085,2021-05-03
81,1620086400,2398.4,2416.85,2356.1,2368.0,623484,2021-05-04
82,1620172800,2377.0,2387.2,2356.55,2372.4,382620,2021-05-05
83,1620259200,2384.8,2447.95,2377.0,2443.25,628779,2021-05-06
84,1620345600,2450.0,2457.05,2403.1,2417.15,464237,2021-05-07
85,1620604800,2427.15,2450.0,2417.55,2447.25,350564,2021-05-10
86,1620691200,2410.5,2477.9,2410.5,2471.2,500446,2021-05-11
87,1620777600,2464.0,2485.0,2438.15,2456.45,334233,2021-05-12
88,1620950400,2455.2,2457.6,2400.0,2415.2,429170,2021-05-14
89,1621209600,2417.0,2489.95,2410.05,2484.35,577279,2021-05-17
90,1621296000,2500.0,2583.9,2492.6,2571.85,1022419,2021-05-18
91,1621382400,2550.0,2615.0,2540.35,2564.7,1086010,2021-05-19
92,1621468800,2565.0,2582.0,2521.2,2530.6,509274,2021-05-20
93,1621555200,2550.0,2559.5,2513.55,2522.3,743110,2021-05-21
94,1621814400,2541.0,2579.0,2526.6,2551.2,850202,2021-05-24
95,1621900800,2565.0,2634.0,2565.0,2625.05,1018896,2021-05-25
96,1621987200,2640.0,2656.15,2607.05,2633.5,1026040,2021-05-26
97,1622073600,2649.0,2677.0,2589.15,2604.05,1507004,2021-05-27
98,1622160000,2630.0,2710.0,2626.1,2638.45,2284342,2021-05-28
99,1622419200,2638.45,2686.0,2615.4,2676.15,838679,2021-05-31
100,1622505600,2610.0,2704.0,2610.0,2665.8,1126551,2021-06-01
101,1622592000,2645.55,2694.0,2638.1,2677.75,659428,2021-06-02
102,1622678400,2680.2,2774.5,2678.05,2767.75,1265747,2021-06-03
103,1622764800,2767.45,2775.0,2724.1,2744.6,621362,2021-06-04
104,1623024000,2750.25,2797.9,2745.1,2754.45,602326,2021-06-07
105,1623110400,2765.0,2779.0,2745.0,2763.8,441932,2021-06-08
106,1623196800,2766.2,2774.45,2718.1,2729.05,471760,2021-06-09
107,1623283200,2729.05,2755.0,2691.0,2705.05,571287,2021-06-10
108,1623369600,2721.4,2752.55,2710.85,2746.4,596669,2021-06-11
109,1623628800,2740.0,2771.85,2711.0,2744.95,525550,2021-06-14
110,1623715200,2745.0,2787.05,2740.65,2763.5,646742,2021-06-15
111,1623801600,2751.0,2777.65,2724.3,2741.05,312868,2021-06-16
112,1623888000,2720.0,2772.9,2664.7,2673.75,701970,2021-06-17
113,1623974400,2673.9,2715.0,2644.2,2707.55,649498,2021-06-18
114,1624233600,2662.0,2742.0,2662.0,2698.45,528922,2021-06-21
115,1624320000,2700.0,2759.35,2698.0,2718.2,477522,2021-06-22
116,1624406400,2721.0,2763.0,2708.6,2728.6,432919,2021-06-23
117,1624492800,2728.6,2735.0,2694.0,2706.75,402741,2021-06-24
118,1624579200,2701.0,2725.0,2683.0,2720.8,455803,2021-06-25
119,1624838400,2723.5,2752.95,2712.6,2740.45,243077,2021-06-28
120,1624924800,2740.0,2749.0,2700.0,2705.1,290136,2021-06-29
121,1625011200,2707.55,2725.0,2665.15,2671.15,391735,2021-06-30
122,1625097600,2680.0,2709.0,2667.9,2675.3,463026,2021-07-01
123,1625184000,2674.0,2691.1,2642.0,2661.0,621222,2021-07-02
124,1625443200,2675.65,2720.0,2671.15,2701.05,489159,2021-07-05
125,1625529600,2704.0,2731.15,2693.45,2711.15,331769,2021-07-06
126,1625616000,2716.55,2738.9,2696.8,2710.85,517132,2021-07-07
127,1625702400,2705.1,2737.0,2705.1,2729.3,509968,2021-07-08
128,1625788800,2740.0,2765.0,2686.05,2712.15,971880,2021-07-09
129,1626048000,2720.0,2743.95,2705.0,2709.5,273843,2021-07-12
130,1626134400,2725.0,2744.85,2700.0,2706.7,488409,2021-07-13
131,1626220800,2709.45,2714.0,2687.6,2700.0,830881,2021-07-14
132,1626307200,2710.0,2711.35,2652.0,2667.5,730937,2021-07-15
133,1626393600,2667.5,2671.3,2607.8,2617.25,1037591,2021-07-16
134,1626652800,2609.0,2617.25,2571.0,2579.75,561172,2021-07-19
135,1626739200,2580.0,2601.0,2537.65,2554.85,890122,2021-07-20
136,1626912000,2584.95,2584.95,2529.0,2560.1,1321161,2021-07-22
137,1626998400,2565.95,2578.0,2542.0,2549.65,379798,2021-07-23
138,1627257600,2544.8,2585.0,2540.0,2563.2,309303,2021-07-26
139,1627344000,2566.1,2598.0,2542.65,2571.35,492846,2021-07-27
140,1627430400,2576.5,2576.5,2523.0,2550.4,383896,2021-07-28
141,1627516800,2550.0,2559.95,2518.0,2528.15,341346,2021-07-29
142,1627603200,2528.15,2563.7,2509.0,2530.25,606230,2021-07-30
143,1627862400,2558.8,2615.0,2535.3,2602.6,691444,2021-08-02
144,1627948800,2609.8,2654.9,2587.1,2649.3,678468,2021-08-03
145,1628035200,2658.0,2679.7,2635.5,2641.8,548192,2021-08-04
146,1628121600,2650.0,2757.0,2642.0,2732.15,2173169,2021-08-05
147,1628208000,2734.7,2759.35,2734.7,2747.35,799082,2021-08-06
148,1628467200,2746.0,2768.75,2717.0,2729.0,516622,2021-08-09
149,1628553600,2729.05,2754.0,2709.1,2734.35,733892,2021-08-10
150,1628640000,2735.55,2750.0,2698.0,2718.25,361517,2021-08-11
151,1628726400,2734.0,2739.9,2601.0,2616.55,2248827,2021-08-12
152,1628812800,2575.0,2628.9,2523.25,2546.8,4134045,2021-08-13
153,1629072000,2554.0,2556.55,2482.0,2495.85,1022752,2021-08-16
154,1629158400,2494.0,2540.0,2471.2,2515.65,1298630,2021-08-17
155,1629244800,2526.0,2599.0,2526.0,2589.65,1901521,2021-08-18
156,1629417600,2540.0,2631.8,2521.25,2601.65,2187864,2021-08-20
157,1629676800,2620.0,2622.45,2535.0,2544.0,1271399,2021-08-23
158,1629763200,2557.4,2575.0,2518.0,2547.9,1277071,2021-08-24
159,1629849600,2559.0,2583.25,2541.2,2579.5,721584,2021-08-25
160,1629936000,2564.5,2585.0,2546.5,2578.75,440543,2021-08-26
161,1630022400,2570.2,2586.6,2547.6,2576.1,541875,2021-08-27
162,1630281600,2580.7,2608.2,2545.8,2553.95,926194,2021-08-30
163,1630368000,2554.0,2697.9,2545.0,2679.25,2381821,2021-08-31
164,1630454400,2680.0,2767.0,2662.05,2703.15,1997385,2021-09-01
165,1630540800,2703.0,2747.8,2686.55,2733.2,898434,2021-09-02
166,1630627200,2738.65,2857.0,2713.0,2802.6,2305890,2021-09-03
167,1630886400,2802.6,2888.0,2802.6,2844.9,1197932,2021-09-06
168,1630972800,2844.9,2880.0,2806.0,2823.15,545226,2021-09-07
169,1631059200,2803.1,2823.15,2762.25,2800.0,616049,2021-09-08
170,1631145600,2798.0,2832.95,2772.0,2818.2,456149,2021-09-09
171,1631491200,2815.0,2815.0,2777.05,2805.0,287427,2021-09-13
172,1631577600,2818.8,2870.0,2809.65,2820.3,672701,2021-09-14
173,1631664000,2820.3,2851.95,2801.2,2841.95,412751,2021-09-15
174,1631750400,2868.0,2883.4,2843.55,2860.2,570872,2021-09-16
175,1631836800,2865.3,2934.95,2864.3,2898.55,1375879,2021-09-17
176,1632096000,2856.1,2858.55,2756.65,2813.0,1190719,2021-09-20
177,1632182400,2810.0,2859.9,2788.8,2854.4,595121,2021-09-21
178,1632268800,2860.0,2879.5,2825.0,2842.85,424342,2021-09-22
179,1632355200,2851.6,2876.7,2843.4,2857.05,452680,2021-09-23
180,1632441600,2861.5,2948.05,2861.5,2931.0,806905,2021-09-24
181,1632700800,2965.0,2994.0,2868.35,2879.35,1331462,2021-09-27
182,1632787200,2882.0,2944.65,2864.5,2883.05,838118,2021-09-28
183,1632873600,2870.0,2890.0,2835.0,2843.25,386614,2021-09-29
184,1632960000,2843.0,2846.85,2771.55,2790.2,861344,2021-09-30
185,1633046400,2787.0,2794.1,2752.2,2772.45,411006,2021-10-01
186,1633305600,2760.0,2771.0,2708.0,2745.9,874865,2021-10-04
187,1633392000,2730.0,2789.0,2729.05,2760.1,452282,2021-10-05
188,1633478400,2770.0,2783.5,2713.6,2728.95,589264,2021-10-06
189,1633564800,2755.0,2858.9,2746.1,2820.95,897524,2021-10-07
190,1633651200,2840.0,2872.95,2814.5,2817.95,572893,2021-10-08
191,1633910400,2830.0,2898.65,2828.25,2851.75,622401,2021-10-11
192,1633996800,2860.0,2933.4,2852.05,2909.6,786357,2021-10-12
193,1634083200,2911.0,2959.75,2855.25,2905.75,687451,2021-10-13
194,1634169600,2905.0,2923.55,2845.0,2853.2,497012,2021-10-14
195,1634515200,2881.0,2881.0,2812.85,2826.35,360160,2021-10-18
196,1634601600,2842.7,2842.7,2687.25,2703.7,999095,2021-10-19
197,1634688000,2705.0,2711.0,2616.3,2651.2,1159620,2021-10-20
198,1634774400,2677.0,2698.0,2596.4,2663.35,816204,2021-10-21
199,1634860800,2692.0,2692.0,2600.8,2612.55,519029,2021-10-22
200,1635120000,2602.5,2624.15,2532.0,2561.75,457696,2021-10-25
201,1635206400,2579.9,2613.0,2571.95,2590.25,677512,2021-10-26
202,1635292800,2592.0,2611.5,2572.15,2583.9,430370,2021-10-27
203,1635379200,2583.9,2589.95,2518.75,2527.5,1332301,2021-10-28
204,1635465600,2530.0,2530.0,2471.55,2484.8,1628906,2021-10-29
205,1635724800,2490.0,2567.05,2478.1,2560.0,1071806,2021-11-01
206,1635811200,2559.0,2573.0,2526.0,2542.45,657518,2021-11-02
207,1635897600,2540.3,2560.0,2505.2,2521.85,930846,2021-11-03
208,1635984000,2580.0,2696.25,2551.0,2661.6,1389327,2021-11-04
209,1636329600,2724.75,2777.0,2680.95,2711.25,3081804,2021-11-08
210,1636416000,2701.2,2743.55,2700.7,2724.25,726392,2021-11-09
211,1636502400,2720.0,2765.55,2710.0,2746.75,861635,2021-11-10
212,1636588800,2730.0,2742.9,2686.45,2704.35,533140,2021-11-11
213,1636675200,2725.0,2741.35,2697.55,2723.0,879209,2021-11-12
214,1636934400,2715.0,2770.0,2679.35,2684.35,686532,2021-11-15
215,1637020800,2684.4,2739.15,2650.05,2710.3,1233796,2021-11-16
216,1637107200,2729.95,2749.55,2662.95,2674.2,848875,2021-11-17
217,1637193600,2675.0,2698.65,2575.0,2603.3,823299,2021-11-18
218,1637539200,2600.0,2603.0,2516.9,2548.05,1013413,2021-11-22
219,1637625600,2536.0,2610.95,2505.7,2599.2,611137,2021-11-23
220,1637712000,2599.2,2617.95,2525.0,2536.95,455215,2021-11-24
221,1637798400,2545.0,2545.0,2497.05,2520.4,525539,2021-11-25
222,1637884800,2495.0,2506.1,2421.5,2433.9,554629,2021-11-26
223,1638144000,2433.9,2447.6,2365.3,2413.4,342547,2021-11-29
224,1638230400,2415.8,2447.0,2360.0,2370.45,1101715,2021-11-30
0,1638316800,2410.0,2482.45,2385.05,2438.3,1691658,2021-12-01
1,1638403200,2440.0,2463.55,2426.8,2451.55,363180,2021-12-02
2,1638489600,2450.0,2497.15,2445.05,2455.55,659154,2021-12-03
3,1638748800,2460.0,2471.85,2424.05,2444.1,537938,2021-12-06
4,1638835200,2455.1,2488.75,2441.2,2471.8,262328,2021-12-07
5,1638921600,2465.0,2516.95,2465.0,2505.55,404128,2021-12-08
6,1639008000,2505.55,2550.1,2475.0,2542.95,831115,2021-12-09
7,1639094400,2532.2,2552.0,2516.5,2527.65,325670,2021-12-10
8,1639353600,2554.9,2557.6,2481.0,2496.7,403776,2021-12-13
9,1639440000,2477.0,2492.35,2451.0,2487.45,395362,2021-12-14
10,1639526400,2480.0,2508.15,2475.0,2493.35,314822,2021-12-15
11,1639612800,2502.0,2509.55,2431.2,2471.15,680394,2021-12-16
12,1639699200,2466.0,2491.0,2415.05,2459.0,670901,2021-12-17
13,1639958400,2420.0,2438.35,2360.4,2406.45,475319,2021-12-20
14,1640044800,2417.0,2437.85,2390.15,2416.65,333858,2021-12-21
15,1640131200,2425.0,2495.0,2425.0,2486.85,625661,2021-12-22
16,1640217600,2500.0,2503.95,2470.25,2480.25,326496,2021-12-23
17,1640304000,2485.2,2504.75,2432.25,2437.9,265892,2021-12-24
18,1640563200,2446.0,2448.25,2390.65,2438.95,345113,2021-12-27
19,1640649600,2456.65,2519.35,2452.0,2480.4,632949,2021-12-28
20,1640736000,2471.0,2571.7,2470.0,2562.25,693263,2021-12-29
21,1640822400,2562.25,2591.8,2540.2,2557.0,797282,2021-12-30
22,1640908800,2558.0,2604.2,2548.55,2591.9,406763,2021-12-31
0,1641168000,2620.1,2733.6,2620.1,2718.8,2457647,2022-01-03
1,1641254400,2715.0,2724.9,2685.5,2705.0,736616,2022-01-04
2,1641340800,2691.0,2790.0,2691.0,2778.6,1040082,2022-01-05
3,1641427200,2748.0,2828.45,2720.0,2817.15,1056323,2022-01-06
4,1641513600,2825.0,2833.6,2784.75,2824.4,572036,2022-01-07
5,1641772800,2820.05,2851.0,2798.75,2815.5,493242,2022-01-10
6,1641859200,2814.0,2829.0,2781.4,2794.35,334700,2022-01-11
7,1641945600,2802.0,2828.9,2790.05,2815.9,440995,2022-01-12
8,1642032000,2810.15,2838.0,2794.5,2832.7,266122,2022-01-13
9,1642118400,2838.0,2845.0,2798.75,2819.7,324014,2022-01-14
10,1642377600,2804.0,2880.0,2804.0,2844.3,680219,2022-01-17
11,1642464000,2859.3,2859.3,2725.0,2736.25,1221493,2022-01-18
12,1642550400,2736.25,2746.8,2685.45,2718.7,769880,2022-01-19
13,1642636800,2725.0,2756.0,2712.1,2733.8,521734,2022-01-20
14,1642723200,2723.5,2754.0,2668.2,2711.1,459191,2022-01-21
15,1642982400,2695.2,2729.15,2621.5,2656.4,465912,2022-01-24
16,1643068800,2622.1,2708.95,2593.65,2692.0,687092,2022-01-25
17,1643241600,2690.0,2690.0,2570.25,2643.85,985827,2022-01-27
18,1643328000,2655.2,2747.0,2598.9,2610.95,871638,2022-01-28
19,1643587200,2644.9,2681.0,2632.9,2645.5,416447,2022-01-31
20,1643673600,2658.7,2684.5,2596.65,2622.2,671852,2022-02-01
21,1643760000,2622.2,2722.55,2622.2,2669.75,1042951,2022-02-02
22,1643846400,2675.1,2709.85,2640.0,2670.85,664625,2022-02-03
23,1643932800,2676.15,2677.9,2616.0,2631.4,380540,2022-02-04
24,1644192000,2631.5,2646.1,2561.7,2601.35,448637,2022-02-07
25,1644278400,2615.0,2645.0,2581.7,2589.15,386391,2022-02-08
26,1644364800,2598.95,2636.9,2587.35,2625.65,677550,2022-02-09
27,1644451200,2625.8,2664.0,2615.55,2640.35,558179,2022-02-10
28,1644537600,2625.0,2625.4,2582.35,2598.15,731373,2022-02-11
29,1644796800,2565.0,2597.7,2500.35,2570.8,675126,2022-02-14
30,1644883200,2540.0,2738.0,2488.45,2724.0,2216629,2022-02-15
31,1644969600,2708.0,2738.4,2680.1,2706.45,804882,2022-02-16
32,1645056000,2729.95,2762.75,2700.1,2722.75,572432,2022-02-17
33,1645142400,2703.2,2739.7,2688.0,2699.25,311304,2022-02-18
34,1645401600,2688.0,2718.85,2668.5,2699.0,273281,2022-02-21
35,1645488000,2630.0,2730.0,2620.05,2725.5,575201,2022-02-22
36,1645574400,2733.9,2748.5,2697.9,2706.65,479284,2022-02-23
37,1645660800,2630.3,2691.25,2587.55,2617.15,775965,2022-02-24
38,1645747200,2635.2,2675.0,2612.5,2628.4,515028,2022-02-25
39,1646006400,2600.0,2614.95,2542.75,2589.8,815191,2022-02-28
40,1646179200,2574.8,2579.0,2496.25,2508.1,630235,2022-03-02
41,1646265600,2539.0,2539.0,2401.35,2409.5,558686,2022-03-03
42,1646352000,2400.0,2400.9,2300.0,2339.25,862528,2022-03-04
43,1646611200,2230.0,2297.25,2191.05,2259.65,1513430,2022-03-07
44,1646697600,2251.0,2264.45,2159.55,2256.05,1533255,2022-03-08
45,1646784000,2275.0,2308.35,2219.0,2293.05,1577642,2022-03-09
46,1646870400,2375.0,2393.45,2291.75,2303.0,1021481,2022-03-10
47,1646956800,2290.0,2315.0,2255.15,2290.75,621070,2022-03-11
48,1647216000,2290.0,2320.75,2235.8,2313.55,681806,2022-03-14
49,1647302400,2320.0,2354.95,2280.1,2305.25,611025,2022-03-15
50,1647388800,2338.7,2373.85,2322.4,2357.9,758341,2022-03-16
51,1647475200,2378.9,2463.0,2375.3,2436.95,1229513,2022-03-17
52,1647820800,2448.95,2448.95,2372.0,2378.75,480116,2022-03-21
53,1647907200,2378.75,2404.8,2329.0,2380.4,661123,2022-03-22
54,1647993600,2393.0,2413.7,2363.0,2394.1,439287,2022-03-23
55,1648080000,2385.0,2388.2,2350.0,2369.65,568611,2022-03-24
56,1648166400,2385.0,2389.85,2325.05,2336.85,446420,2022-03-25
57,1648425600,2350.0,2386.65,2315.2,2380.0,690955,2022-03-28
58,1648512000,2378.5,2492.95,2360.05,2480.5,1317033,2022-03-29
59,1648598400,2488.1,2518.2,2444.45,2486.55,1198770,2022-03-30
60,1648684800,2483.85,2495.0,2436.35,2457.15,840572,2022-03-31
61,1648771200,2457.15,2494.75,2422.0,2481.2,745769,2022-04-01
62,1649030400,2495.0,2518.1,2455.55,2508.95,660191,2022-04-04
63,1649116800,2525.0,2600.0,2510.0,2543.45,1240010,2022-04-05
64,1649203200,2531.0,2555.45,2522.05,2530.7,469837,2022-04-06
65,1649289600,2523.0,2577.9,2512.0,2538.4,451071,2022-04-07
66,1649376000,2548.0,2573.85,2515.6,2555.2,800707,2022-04-08
67,1649635200,2549.9,2565.0,2540.0,2545.6,332108,2022-04-11
68,1649721600,2534.0,2537.6,2496.05,2521.8,359805,2022-04-12
69,1649808000,2530.0,2555.0,2479.55,2491.45,383935,2022-04-13
70,1650240000,2480.0,2531.1,2456.15,2511.0,322926,2022-04-18
71,1650326400,2516.0,2574.9,2421.1,2454.85,636517,2022-04-19
72,1650412800,2480.0,2578.5,2465.4,2536.8,1193877,2022-04-20
73,1650499200,2550.0,2674.45,2541.7,2651.5,1090334,2022-04-21
74,1650585600,2630.95,2637.0,2582.0,2631.5,829575,2022-04-22
75,1650844800,2610.0,2650.0,2580.0,2594.15,630796,2022-04-25
76,1650931200,2613.0,2665.55,2613.0,2649.3,616251,2022-04-26
77,1651017600,2625.0,2672.95,2605.0,2655.45,499338,2022-04-27
78,1651104000,2683.95,2704.0,2666.0,2679.95,739026,2022-04-28
79,1651190400,2684.0,2707.65,2620.0,2630.35,479794,2022-04-29
80,1651449600,2624.9,2626.75,2521.55,2552.5,497152,2022-05-02
81,1651622400,2523.0,2562.0,2455.6,2483.2,515077,2022-05-04
82,1651708800,2494.05,2529.2,2419.95,2433.55,477759,2022-05-05
83,1651795200,2410.0,2418.2,2351.35,2362.45,407390,2022-05-06
84,1652054400,2344.95,2370.45,2310.0,2344.3,403218,2022-05-09
85,1652140800,2344.3,2441.7,2334.95,2415.55,841473,2022-05-10
86,1652227200,2396.25,2433.6,2353.0,2389.15,459255,2022-05-11
87,1652313600,2369.0,2401.0,2332.15,2384.65,419477,2022-05-12
88,1652400000,2400.0,2483.0,2397.85,2432.65,650616,2022-05-13
89,1652659200,2519.9,2628.4,2494.65,2617.95,2801368,2022-05-16
90,1652745600,2610.0,2714.7,2600.15,2706.7,1462487,2022-05-17
91,1652832000,2699.0,2769.9,2683.4,2696.0,1173271,2022-05-18
92,1652918400,2622.0,2738.0,2622.0,2650.5,1592952,2022-05-19
93,1653004800,2693.95,2720.0,2652.15,2707.8,687007,2022-05-20
94,1653264000,2721.0,2767.5,2715.05,2741.3,892535,2022-05-23
95,1653350400,2745.95,2769.9,2702.1,2719.3,481731,2022-05-24
96,1653436800,2734.0,2749.85,2673.0,2686.15,556605,2022-05-25
97,1653523200,2700.1,2738.9,2663.95,2725.1,854405,2022-05-26
98,1653609600,2736.2,2765.0,2729.7,2742.1,404877,2022-05-27
99,1653868800,2755.3,2796.0,2742.85,2758.45,589423,2022-05-30
100,1653955200,2770.0,2818.65,2717.2,2780.75,1766731,2022-05-31
101,1654041600,2770.15,2818.0,2752.0,2771.7,358924,2022-06-01
102,1654128000,2777.4,2785.35,2715.05,2723.55,558032,2022-06-02
103,1654214400,2741.0,2766.65,2661.5,2685.25,808873,2022-06-03
104,1654473600,2683.0,2696.0,2638.05,2653.1,906875,2022-06-06
105,1654560000,2629.4,2656.8,2610.6,2647.9,453936,2022-06-07
106,1654646400,2661.1,2674.8,2619.15,2649.15,260633,2022-06-08
107,1654732800,2640.0,2724.45,2621.0,2716.0,531562,2022-06-09
108,1654819200,2672.25,2736.95,2672.25,2712.85,666106,2022-06-10
109,1655078400,2685.0,2724.55,2666.2,2700.8,556912,2022-06-13
110,1655164800,2689.4,2752.15,2676.2,2722.75,739832,2022-06-14
111,1655251200,2744.0,2751.1,2703.95,2720.1,339705,2022-06-15
112,1655337600,2736.5,2749.0,2631.25,2652.5,542478,2022-06-16
113,1655424000,2629.5,2666.7,2585.05,2604.8,836170,2022-06-17
114,1655683200,2600.0,2661.9,2599.95,2623.25,717655,2022-06-20
115,1655769600,2642.2,2711.0,2632.15,2702.8,1177839,2022-06-21
116,1655856000,2699.0,2713.0,2642.1,2662.75,273509,2022-06-22
117,1655942400,2665.1,2825.0,2665.1,2819.05,1338537,2022-06-23
118,1656028800,2837.85,2909.55,2831.95,2877.9,1078547,2022-06-24
119,1656288000,2909.0,2909.95,2836.0,2848.3,532402,2022-06-27
120,1656374400,2827.7,2886.1,2818.75,2863.8,770778,2022-06-28
121,1656460800,2849.1,2922.95,2830.0,2886.6,856258,2022-06-29
122,1656547200,2879.95,2910.0,2784.05,2794.35,928852,2022-06-30
123,1656633600,2775.0,2809.8,2750.4,2782.8,367512,2022-07-01
124,1656892800,2793.8,2805.5,2745.75,2796.4,443843,2022-07-04
125,1656979200,2815.0,2843.9,2790.0,2805.6,616329,2022-07-05
126,1657065600,2810.0,2920.0,2807.0,2907.95,1058465,2022-07-06
127,1657152000,2943.0,2958.0,2917.4,2944.2,650305,2022-07-07
128,1657238400,2952.0,2982.85,2895.0,2931.6,617742,2022-07-08
129,1657497600,2929.0,3053.05,2907.9,3046.85,1346337,2022-07-11
130,1657584000,3038.5,3038.5,2941.5,2954.05,1069397,2022-07-12
131,1657670400,2955.5,2994.95,2942.0,2967.4,768270,2022-07-13
132,1657756800,2977.9,3006.85,2900.85,2955.1,901976,2022-07-14
133,1657843200,2969.4,3045.3,2945.7,3034.0,536541,2022-07-15
134,1658102400,3055.85,3078.0,3012.0,3036.5,568164,2022-07-18
135,1658188800,3020.0,3089.0,3015.0,3077.7,728004,2022-07-19
136,1658275200,3088.0,3111.0,3028.0,3045.0,432912,2022-07-20
137,1658361600,3053.0,3092.1,3031.0,3081.2,469152,2022-07-21
138,1658448000,3085.15,3179.0,3077.6,3147.6,1461794,2022-07-22
139,1658707200,3140.0,3153.9,3068.1,3086.7,623585,2022-07-25
140,1658793600,3090.0,3098.9,3007.95,3023.3,676813,2022-07-26
141,1658880000,3023.3,3063.05,3013.5,3057.4,527215,2022-07-27
142,1658966400,3065.1,3080.0,3031.1,3054.0,486390,2022-07-28
143,1659052800,3083.0,3145.0,3066.4,3093.45,570564,2022-07-29
144,1659312000,3109.9,3175.55,3072.4,3088.4,891876,2022-08-01
145,1659398400,3055.0,3148.0,2913.05,3120.95,1843785,2022-08-02
146,1659484800,3129.0,3170.0,3070.55,3138.2,1218915,2022-08-03
147,1659571200,3151.0,3196.5,3101.0,3145.8,928111,2022-08-04
148,1659657600,3152.0,3179.8,3066.0,3089.6,518285,2022-08-05
149,1659916800,3090.0,3145.1,3072.15,3116.75,595708,2022-08-08
150,1660089600,3132.0,3169.35,3117.35,3154.55,814819,2022-08-10
151,1660176000,3256.0,3265.95,3139.2,3176.45,2187872,2022-08-11
152,1660262400,3178.0,3221.4,3131.0,3210.15,1327610,2022-08-12
153,1660608000,3218.0,3342.0,3211.0,3338.05,1700743,2022-08-16
154,1660694400,3339.0,3433.3,3335.1,3397.6,1654567,2022-08-17
155,1660780800,3400.0,3438.0,3374.7,3411.4,591901,2022-08-18
156,1660867200,3412.05,3460.0,3394.3,3424.1,1151041,2022-08-19
157,1661126400,3401.0,3415.05,3330.1,3363.25,928071,2022-08-22
158,1661212800,3361.0,3480.0,3338.15,3464.75,1604447,2022-08-23
159,1661299200,3456.05,3473.5,3393.05,3450.7,856684,2022-08-24
160,1661385600,3455.0,3513.7,3408.8,3481.45,1244869,2022-08-25
161,1661472000,3440.0,3453.8,3341.1,3355.1,1742915,2022-08-26
162,1661731200,3289.0,3338.8,3242.65,3291.6,1436918,2022-08-29
163,1661817600,3321.8,3397.6,3317.0,3358.75,1236651,2022-08-30
164,1661990400,3241.0,3434.9,3241.0,3411.6,1592544,2022-09-01
165,1662076800,3451.0,3469.0,3415.0,3422.1,1038097,2022-09-02
166,1662336000,3444.95,3447.0,3379.05,3400.5,561306,2022-09-05
167,1662422400,3412.0,3424.1,3400.0,3410.35,355149,2022-09-06
168,1662508800,3360.7,3419.0,3360.7,3383.65,662832,2022-09-07
169,1662595200,3400.6,3463.5,3400.6,3425.75,640524,2022-09-08
170,1662681600,3460.0,3483.0,3427.05,3473.15,567370,2022-09-09
171,1662940800,3484.0,3553.0,3465.1,3538.95,761569,2022-09-12
172,1663027200,3555.0,3582.1,3510.5,3522.0,528699,2022-09-13
173,1663113600,3452.0,3563.95,3452.0,3541.8,508971,2022-09-14
174,1663200000,3559.55,3672.0,3553.35,3622.25,1625125,2022-09-15
175,1663286400,3635.0,3640.4,3530.2,3549.0,957393,2022-09-16
176,1663545600,3549.95,3633.7,3493.45,3590.25,517408,2022-09-19
177,1663632000,3624.65,3738.25,3620.0,3711.55,854400,2022-09-20
178,1663718400,3720.0,3787.25,3671.35,3682.05,883098,2022-09-21
179,1663804800,3680.0,3759.9,3670.4,3748.75,659825,2022-09-22
180,1663891200,3764.0,3774.45,3651.4,3688.45,436539,2022-09-23
181,1664150400,3669.85,3669.95,3472.2,3515.55,979894,2022-09-26
182,1664236800,3543.8,3615.0,3487.3,3570.55,651919,2022-09-27
183,1664323200,3529.0,3665.7,3529.0,3628.3,670814,2022-09-28
184,1664409600,3646.7,3678.25,3605.0,3624.1,578779,2022-09-29
185,1664496000,3623.95,3693.8,3583.85,3671.6,517861,2022-09-30
186,1664755200,3781.0,3781.9,3444.95,3463.35,2180504,2022-10-03
187,1664841600,3524.0,3579.9,3516.65,3555.0,961129,2022-10-04
188,1665014400,3560.0,3596.85,3520.0,3531.35,530684,2022-10-06
189,1665100800,3531.35,3550.0,3467.55,3498.55,458833,2022-10-07
190,1665360000,3461.0,3542.0,3451.3,3531.6,412736,2022-10-10
191,1665446400,3549.15,3550.65,3392.5,3408.0,661794,2022-10-11
192,1665532800,3425.05,3468.65,3377.0,3458.2,660964,2022-10-12
193,1665619200,3467.8,3554.95,3445.0,3471.2,753969,2022-10-13
194,1665705600,3544.65,3554.9,3469.8,3477.2,387253,2022-10-14
195,1665964800,3470.0,3525.0,3465.3,3514.7,492114,2022-10-17
196,1666051200,3532.3,3622.0,3529.95,3612.5,522357,2022-10-18
197,1666137600,3629.9,3685.0,3600.15,3612.3,645494,2022-10-19
198,1666224000,3597.0,3660.0,3560.0,3651.15,515240,2022-10-20
199,1666310400,3651.15,3684.7,3568.0,3629.5,532326,2022-10-21
200,1666569600,3684.9,3684.9,3630.6,3641.2,63729,2022-10-24
201,1666656000,3677.0,3724.0,3650.0,3710.65,571186,2022-10-25
202,1666828800,3741.05,3741.05,3661.0,3710.65,583285,2022-10-27
203,1666915200,3721.0,3773.1,3697.15,3745.75,478514,2022-10-28
204,1667174400,3764.5,3864.1,3758.0,3850.45,678149,2022-10-31
205,1667260800,3889.65,3889.65,3751.95,3798.4,746053,2022-11-01
206,1667347200,3849.8,3849.8,3695.0,3729.2,1177767,2022-11-02
207,1667433600,3698.0,3747.0,3648.35,3675.25,738117,2022-11-03
208,1667520000,3695.0,3729.0,3645.0,3666.9,631943,2022-11-04
209,1667779200,3680.2,3765.0,3680.0,3755.15,505944,2022-11-07
210,1667952000,3791.95,3791.95,3696.3,3732.95,490411,2022-11-09
211,1668038400,3739.4,3739.4,3636.1,3700.85,442138,2022-11-10
212,1668124800,3730.0,3739.0,3501.0,3519.65,2463500,2022-11-11
213,1668384000,3537.25,3565.0,3498.0,3516.6,659139,2022-11-14
214,1668470400,3520.0,3557.9,3500.0,3507.95,552511,2022-11-15
215,1668556800,3515.05,3583.8,3458.8,3503.05,1048177,2022-11-16
216,1668643200,3500.0,3500.0,3421.05,3441.85,889808,2022-11-17
217,1668729600,3449.9,3457.55,3376.05,3390.25,868754,2022-11-18
218,1668988800,3390.45,3411.0,3365.0,3378.6,631291,2022-11-21
219,1669075200,3380.45,3407.95,3354.0,3375.05,461525,2022-11-22
220,1669161600,3391.95,3418.95,3375.0,3380.9,738556,2022-11-23
221,1669248000,3397.85,3402.9,3346.3,3377.35,407602,2022-11-24
222,1669334400,3394.25,3422.25,3350.0,3414.1,512690,2022-11-25
223,1669593600,3413.7,3449.5,3402.1,3441.4,435882,2022-11-28
224,1669680000,3450.4,3464.75,3405.0,3416.1,456872,2022-11-29
225,1669766400,3419.8,3504.5,3417.05,3484.5,1151772,2022-11-30
0,1669852800,3489.6,3500.0,3430.0,3437.45,518865,2022-12-01
1,1669939200,3435.0,3435.0,3325.0,3331.85,1453049,2022-12-02
2,1670198400,3328.1,3360.0,3326.1,3344.4,518257,2022-12-05
3,1670284800,3335.0,3338.0,3278.2,3299.7,944559,2022-12-06
4,1670371200,3299.75,3324.9,3254.0,3259.85,943407,2022-12-07
5,1670457600,3284.9,3330.0,3276.0,3322.3,862490,2022-12-08
6,1670544000,3335.0,3363.0,3326.15,3358.2,660249,2022-12-09
7,1670803200,3341.0,3352.95,3287.0,3320.45,541993,2022-12-12
8,1670889600,3306.0,3342.15,3301.05,3313.0,584450,2022-12-13
9,1670976000,3329.0,3385.0,3325.0,3369.4,676995,2022-12-14
10,1671062400,3368.0,3382.35,3296.55,3303.5,338209,2022-12-15
11,1671148800,3290.0,3347.3,3280.0,3291.45,771552,2022-12-16
12,1671408000,3292.0,3409.5,3282.15,3388.9,890120,2022-12-19
13,1671494400,3370.0,3378.4,3291.0,3313.45,711013,2022-12-20
14,1671580800,3330.0,3350.0,3262.0,3273.25,485199,2022-12-21
15,1671667200,3274.0,3296.15,3196.55,3206.05,613152,2022-12-22
16,1671753600,3190.1,3200.0,3105.05,3113.65,581956,2022-12-23
17,1672012800,3115.0,3228.65,3088.2,3161.25,530294,2022-12-26
18,1672099200,3174.95,3213.15,3150.0,3201.8,422130,2022-12-27
19,1672185600,3188.15,3233.6,3175.6,3211.55,318724,2022-12-28
20,1672272000,3181.05,3490.75,3163.25,3281.2,881072,2022-12-29
21,1672358400,3290.0,3298.0,3217.25,3227.75,663451,2022-12-30
0,1672617600,3227.0,3249.95,3203.3,3228.85,381581,2023-01-02
1,1672704000,3228.85,3240.0,3206.0,3213.45,323237,2023-01-03
2,1672790400,3224.0,3242.85,3188.1,3215.25,372617,2023-01-04
3,1672876800,3229.0,3266.9,3202.55,3257.7,383751,2023-01-05
4,1672963200,3260.0,3278.85,3237.05,3250.6,242107,2023-01-06
5,1673222400,3266.9,3275.1,3229.2,3262.55,391801,2023-01-09
6,1673308800,3262.0,3265.8,3144.15,3167.55,607830,2023-01-10
7,1673395200,3167.55,3174.5,3096.7,3137.25,856148,2023-01-11
8,1673481600,3150.0,3152.95,3095.0,3103.25,690116,2023-01-12
9,1673568000,3105.0,3196.0,3060.0,3162.05,964656,2023-01-13
10,1673827200,3155.55,3179.9,3100.0,3139.05,653373,2023-01-16
11,1673913600,3152.0,3192.0,3125.0,3179.95,495809,2023-01-17
12,1674000000,3171.0,3192.0,3150.0,3177.6,330814,2023-01-18
13,1674086400,3163.05,3180.05,3135.05,3166.7,320900,2023-01-19
14,1674172800,3175.0,3194.9,3141.1,3150.5,389881,2023-01-20
15,1674432000,3166.3,3224.6,3145.75,3203.35,424691,2023-01-23
16,1674518400,3219.4,3234.85,3178.35,3226.55,367438,2023-01-24
17,1674604800,3226.55,3235.0,3183.35,3213.85,353061,2023-01-25
18,1674777600,3229.95,3264.95,3128.0,3169.75,627913,2023-01-27
19,1675036800,3160.1,3210.0,3099.05,3191.45,656403,2023-01-30
20,1675123200,3201.05,3277.0,3177.0,3263.35,612164,2023-01-31
21,1675209600,3280.0,3354.95,3240.0,3303.1,885327,2023-02-01
22,1675296000,3265.0,3320.7,3185.0,3217.3,613267,2023-02-02
23,1675382400,3233.4,3325.0,3199.55,3316.7,500037,2023-02-03
24,1675641600,3295.0,3300.05,3220.65,3260.7,346025,2023-02-06
25,1675728000,3277.05,3299.0,3240.05,3274.7,447240,2023-02-07
26,1675814400,3275.0,3277.95,3203.0,3228.0,378309,2023-02-08
27,1675900800,3236.05,3249.55,3195.0,3237.15,265006,2023-02-09
28,1675987200,3225.05,3242.3,3198.15,3212.35,328745,2023-02-10
29,1676246400,3225.0,3272.0,3217.2,3252.65,405135,2023-02-13
30,1676332800,3261.95,3300.0,3145.0,3175.7,1519235,2023-02-14
31,1676419200,3203.0,3341.95,3203.0,3311.15,2093492,2023-02-15
32,1676505600,3329.95,3344.0,3268.05,3289.1,679170,2023-02-16
33,1676592000,3287.05,3297.0,3240.2,3285.0,491317,2023-02-17
34,1676851200,3300.0,3335.0,3280.45,3290.5,515895,2023-02-20
35,1676937600,3290.0,3298.1,3265.05,3274.15,494115,2023-02-21
36,1677024000,3270.0,3270.15,3215.1,3249.7,570379,2023-02-22
37,1677110400,3265.0,3274.85,3220.9,3241.95,527729,2023-02-23
38,1677196800,3249.9,3249.9,3165.0,3205.6,684029,2023-02-24
39,1677456000,3200.0,3205.4,3102.05,3131.05,482530,2023-02-27
40,1677542400,3132.0,3181.0,3091.15,3105.9,974100,2023-02-28
41,1677628800,3106.0,3143.9,3086.7,3138.8,522394,2023-03-01
42,1677715200,3155.1,3158.95,3097.3,3125.5,970565,2023-03-02
43,1677801600,3141.15,3150.9,3113.85,3127.3,337278,2023-03-03
44,1678060800,3138.0,3169.1,3132.4,3166.2,362693,2023-03-06
45,1678233600,3166.0,3211.55,3150.1,3204.4,657256,2023-03-08
46,1678320000,3211.0,3219.95,3142.1,3146.7,419727,2023-03-09
47,1678406400,3134.95,3147.2,3095.15,3116.1,362000,2023-03-10
48,1678665600,3117.0,3122.95,3025.0,3033.4,351244,2023-03-13
49,1678752000,3033.4,3050.0,2985.5,3016.9,727498,2023-03-14
50,1678838400,3044.8,3059.75,3002.0,3006.9,288927,2023-03-15
51,1678924800,3021.7,3081.0,2996.0,3035.45,439612,2023-03-16
52,1679011200,3052.0,3058.0,2942.25,2974.6,692626,2023-03-17
53,1679270400,2974.6,2989.9,2909.25,2952.0,561183,2023-03-20
54,1679356800,2966.8,2975.0,2927.0,2934.8,490092,2023-03-21
55,1679443200,2949.5,2968.9,2931.85,2946.55,222875,2023-03-22
56,1679529600,2942.2,2950.0,2912.85,2927.7,379191,2023-03-23
57,1679616000,2925.0,2931.0,2886.65,2909.6,542971,2023-03-24
58,1679875200,2913.6,2929.0,2871.0,2885.55,375285,2023-03-27
59,1679961600,2894.8,2894.8,2836.0,2852.4,1079359,2023-03-28
60,1680048000,2858.5,2947.8,2850.0,2933.7,765293,2023-03-29
61,1680220800,2923.1,2963.35,2921.0,2948.85,546110,2023-03-31
62,1680480000,3050.0,3050.0,2981.1,3004.3,1170652,2023-04-03
63,1680652800,2982.0,3009.0,2922.2,2933.75,1033837,2023-04-05
64,1680739200,2948.7,2970.0,2926.0,2961.7,586845,2023-04-06
65,1681084800,2980.0,2987.0,2951.15,2970.45,416883,2023-04-10
66,1681171200,2970.45,3059.0,2970.45,3054.2,618391,2023-04-11
67,1681257600,3035.0,3145.0,3035.0,3128.35,746284,2023-04-12
68,1681344000,3140.0,3231.45,3132.0,3213.05,1337741,2023-04-13
69,1681689600,3235.0,3254.0,3206.0,3229.0,539975,2023-04-17
70,1681776000,3228.65,3278.0,3215.85,3263.55,577513,2023-04-18
71,1681862400,3263.95,3300.0,3258.1,3289.6,646164,2023-04-19
72,1681948800,3308.7,3308.7,3220.05,3246.95,483671,2023-04-20
73,1682035200,3240.0,3259.95,3194.1,3200.7,443737,2023-04-21
74,1682294400,3204.0,3217.45,3158.1,3182.8,379317,2023-04-24
75,1682380800,3175.0,3246.5,3156.15,3217.95,574542,2023-04-25
76,1682467200,3230.0,3280.0,3225.55,3248.35,881684,2023-04-26
77,1682553600,3248.3,3270.4,3236.25,3263.55,464406,2023-04-27
78,1682640000,3275.0,3305.0,3265.35,3301.1,416242,2023-04-28
79,1682985600,3326.95,3383.8,3325.0,3356.15,838718,2023-05-02
80,1683072000,3367.9,3367.9,3321.2,3348.35,577763,2023-05-03
81,1683158400,3341.0,3382.45,3321.0,3339.3,325535,2023-05-04
82,1683244800,3339.3,3392.05,3324.75,3355.1,518154,2023-05-05
